Tract,Data2017.xlsx,Is an Opportunity Zone,County,State,Year,Inclusive Growth Score,Growth,Inclusion,Place,Place Growth,Place Inclusion,Net Occupancy Score,"Net Occupancy Base, %","Net Occupancy Tract, %",Residential Real Estate Value Score,"Residential Real Estate Value Base, %","Residential Real Estate Value Tract, %",Acres of Park Land Score,"Acres of Park Land Base, %","Acres of Park Land Tract, %",Affordable Housing Score,"Affordable Housing Base, %","Affordable Housing Tract, %",Internet Access Score,"Internet Access Base, %","Internet Access Tract, %",Travel Time to Work Score,"Travel Time to Work Base, %","Travel Time to Work Tract, %",Economy,Economy Growth,Economy Inclusion,New Businesses Score,"New Businesses Base, %","New Businesses Tract, %",Spend Growth Score,"Spend Growth Base, %","Spend Growth Tract, %",Small Business Loans Score,"Small Business Loans Base, %","Small Business Loans Tract, %",Minority/Women Owned Businesses Score,"Minority/Women Owned Businesses Base, %","Minority/Women Owned Businesses Tract, %",Labor Market Engagement Index Score,Labor Market Engagement Index Base,Labor Market Engagement Index Tract,Commercial Diversity Score,"Commercial Diversity Base, %","Commercial Diversity Tract, %",Community,Community Growth,Community Inclusion,Personal Income Score,"Personal Income Base, %","Personal Income Tract, %",Spending per Capita Score,"Spending per Capita Base, %","Spending per Capita Tract, %",Female Above Poverty Score,"Female Above Poverty Base, %","Female Above Poverty Tract, %",Gini Coefficient Score,Gini Coefficient Base,Gini Coefficient Tract,Early Education Enrollment Score,"Early Education Enrollment Base, %","Early Education Enrollment Tract, %",Health Insurance Coverage Score,"Health Insurance Coverage Base, %","Health Insurance Coverage Tract, %",Cluster,Negative_SHAP_Features,Negative_SHAP_Values,Average Negative Shap,Number of Negative SHAP Values
536998,Data2024.xlsx,nan,davidson county,tennessee,2024,46,46,45,68,84.0,53.0,87,-0.5,16.1,80,48.8,183.6,89,4.1,17.3,39,72.2,69.3,68,91.7,94.6,17,56.7,42,44,34.0,53.0,6,-5.8,-38.5,44,,,51,-8.5,0,,,,62,60,71,44,1.3,1.1,24,20.0,28.0,18,16.7,-0.1,22,,,19,88.8,76.3,43,41.5,42.7,43,27.8,25.1,8,95,84.5,0,['Female Above Poverty Score'],[-7.460920056896284],-7.460920056896284,1
523305,Data2024.xlsx,nan,davidson county,tennessee,2024,50,54,47,71,60.0,82.0,53,-0.5,4.2,68,48.8,141.7,61,4.1,5.8,97,72.2,87.7,83,91.7,96.7,87,56.7,73.6,38,31.0,44.0,29,-5.8,-8.8,,,,33,-8.5,-14.3,14,3.6,1.6,74,60,81,44,1.3,1.1,42,71.0,14.0,71,16.7,97.5,,,,10,88.8,68.5,13,41.5,49.8,21,27.8,15.9,10,95,86.1,0,['Female Above Poverty Score'],[-7.305817449185997],-7.305817449185997,1
543486,Data2024.xlsx,nan,davidson county,tennessee,2024,50,53,46,64,54.0,75.0,48,-0.5,-5.3,61,48.8,72.7,64,4.1,6.3,56,72.2,73.9,93,91.7,98.3,87,56.7,73.9,38,44.0,33.0,54,-5.8,-4.8,27,,,52,-8.5,-6.7,5,3.6,1,59,60,68,34,1.3,0.9,46,61.0,30.0,66,16.7,31.6,56,,,15,88.8,72.9,57,41.5,40.4,,27.8,,17,95,89.1,0,['Female Above Poverty Score'],[-7.119944119695574],-7.119944119695574,1
588881,Data2024.xlsx,nan,davidson county,tennessee,2024,42,40,43,64,56.0,71.0,39,-0.5,-1.8,73,48.8,500.8,81,4.1,11.6,34,72.2,67.8,95,91.7,98.7,74,56.7,66.8,25,10.0,40.0,5,-5.8,-23.8,,,,14,-8.5,-35.3,,,,76,60,82,4,1.3,0.2,36,55.0,17.0,55,16.7,21.6,,,,19,88.8,76.3,14,41.5,49.3,,27.8,,17,95,89,0,['Female Above Poverty Score'],[-7.069183921609074],-7.069183921609074,1
522229,Data2024.xlsx,nan,davidson county,tennessee,2024,38,50,26,38,54.0,22.0,47,-0.5,0.2,61,48.8,77.1,8,4.1,0.5,17,72.2,61.3,8,91.7,76.9,57,56.7,59.3,27,33.0,21.0,27,-5.8,-12.5,24,,,49,-8.5,-2.3,17,3.6,1.8,12,60,15,34,1.3,0.9,49,64.0,34.0,44,16.7,13.5,83,,,32,88.8,82.9,47,41.5,41.9,,27.8,,24,95,91,2,"['Labor Market Engagement Index Score', 'Internet Access Score', 'Female Above Poverty Score']","[-4.6185844971239565, -9.318813012093306, -6.742560740001499]",-6.893319416406254,3
567743,Data2024.xlsx,nan,davidson county,tennessee,2024,52,57,48,60,60.0,60.0,55,-0.5,4.9,64,48.8,106,16,4.1,1.1,66,72.2,76.3,66,91.7,94.2,91,56.7,77.2,44,40.0,48.0,22,-5.8,-10.5,,,,57,-8.5,11.6,21,3.6,2,75,60,81,,,,54,71.0,37.0,71,16.7,38.8,,,,29,88.8,81.7,55,41.5,40.6,,27.8,,27,95,91.6,0,['Female Above Poverty Score'],[-6.888787910770625],-6.888787910770625,1
529390,Data2024.xlsx,Yes,davidson county,tennessee,2024,42,46,39,43,38.0,48.0,38,-0.5,0.1,,48.8,,63,4.1,6.2,25,72.2,64.7,7,91.7,75.3,99,56.7,90.7,47,46.0,48.0,63,-5.8,-5.5,34,,,40,-8.5,-20.5,8,3.6,1.2,85,60,89,52,1.3,1.3,38,54.0,22.0,69,16.7,38.7,38,,,27,88.8,80.9,9,41.5,51.5,,27.8,,29,95,92,0,"['New Businesses Score', 'Internet Access Score', 'Female Above Poverty Score']","[-0.3227352837100625, -11.189635402411222, -8.990596682503819]",-6.834322456208368,3
520936,Data2024.xlsx,nan,davidson county,tennessee,2024,50,55,45,62,62.0,62.0,75,-0.5,9.8,48,48.8,69.6,26,4.1,1.8,82,72.2,80.6,69,91.7,94.7,71,56.7,65.3,36,40.0,31.0,39,-5.8,-5.9,30,,,51,-8.5,-1.2,,,,28,60,36,34,1.3,0.9,53,64.0,42.0,43,16.7,18,85,,,24,88.8,79.2,47,41.5,42,,27.8,,54,95,95.4,0,"['Labor Market Engagement Index Score', 'Female Above Poverty Score']","[-5.15103095073253, -7.105603612586856]",-6.128317281659693,2
558527,Data2024.xlsx,nan,davidson county,tennessee,2024,54,48,59,54,47.0,62.0,55,-0.5,7.7,39,48.8,47.1,61,4.1,5.8,86,72.2,82,35,91.7,88.6,68,56.7,64.2,47,26.0,68.0,21,-5.8,-17.2,17,,,39,-8.5,-10.4,94,3.6,13.2,75,60,81,34,1.3,0.9,58,70.0,47.0,55,16.7,24.1,84,,,27,88.8,80.7,70,41.5,38.2,85,27.8,49.9,7,95,84.3,3,"['Minority/Women Owned Businesses Score', 'Internet Access Score', 'Female Above Poverty Score']","[-7.900375962974504, -1.8588963462598622, -8.50663558376953]",-6.088635964334632,3
568956,Data2024.xlsx,nan,davidson county,tennessee,2024,54,49,60,54,48.0,59.0,45,-0.5,-1.7,51,48.8,59.4,54,4.1,4.7,32,72.2,67,71,91.7,95,80,56.7,69.8,58,41.0,74.0,45,-5.8,-6,50,,,29,-8.5,-18.2,,,,96,60,97,52,1.3,1.3,52,57.0,47.0,51,16.7,15.6,63,,,37,88.8,84.8,73,41.5,37.8,,27.8,,31,95,92.4,3,['Female Above Poverty Score'],[-5.669321960862726],-5.669321960862726,1
535268,Data2024.xlsx,Yes,davidson county,tennessee,2024,38,43,32,37,15.0,59.0,15,-0.5,-32,,48.8,,76,4.1,9.4,99,72.2,91.3,2,91.7,63.9,,56.7,,36,39.0,34.0,7,-5.8,-21.9,41,,,68,-8.5,223.3,,,,25,60,32,44,1.3,1.1,38,75.0,2.0,67,16.7,139,83,,,,88.8,,2,41.5,58.6,,27.8,,1,95,74.5,2,"['Small Business Loans Score', 'Labor Market Engagement Index Score', 'Internet Access Score']","[-0.7168698054738343, -4.747877293154597, -11.146945262253285]",-5.5372307869605715,3
535272,Data2024.xlsx,Yes,davidson county,tennessee,2024,28,22,35,36,17.0,56.0,17,-0.5,-9,,48.8,,31,4.1,2.1,96,72.2,87.1,2,91.7,66.9,97,56.7,83.7,35,29.0,41.0,23,-5.8,-14.3,41,,,23,-8.5,-26.5,75,3.6,6.1,3,60,3,44,1.3,1.1,14,19.0,8.0,7,16.7,0.1,31,,,0,88.8,24,6,41.5,53.8,9,27.8,10.2,15,95,88.1,2,"['Minority/Women Owned Businesses Score', 'Labor Market Engagement Index Score', 'Internet Access Score']","[-2.1106207560375334, -3.800662708170712, -10.651847882615403]",-5.52104378227455,3
554871,Data2024.xlsx,nan,davidson county,tennessee,2024,30,36,24,39,50.0,28.0,41,-0.5,-1.8,59,48.8,100,37,4.1,2.7,3,72.2,50.7,24,91.7,85.6,50,56.7,56.6,28,33.0,23.0,52,-5.8,-2.6,17,,,30,-8.5,-16.7,,,,33,60,41,13,1.3,0.4,23,24.0,22.0,39,16.7,17.6,10,,,11,88.8,68.9,52,41.5,41.1,0,27.8,2.6,26,95,91.4,2,"['Labor Market Engagement Index Score', 'Internet Access Score', 'Female Above Poverty Score']","[-3.5866168510913847, -4.146167942695319, -8.38431416587904]",-5.372366319888582,3
570744,Data2024.xlsx,nan,davidson county,tennessee,2024,44,46,41,42,49.0,36.0,40,-0.5,-7.3,58,48.8,63.4,6,4.1,0.3,44,72.2,70.5,56,91.7,92.7,40,56.7,52.9,40,36.0,45.0,23,-5.8,-14.5,51,,,33,-8.5,-13,88,3.6,9.2,34,60,42,13,1.3,0.4,48,52.0,43.0,62,16.7,26.2,42,,,29,88.8,81.7,78,41.5,37,21,27.8,15.9,43,95,94.2,2,"['Minority/Women Owned Businesses Score', 'Labor Market Engagement Index Score', 'Female Above Poverty Score']","[-3.8976381198782475, -4.131542311049998, -7.220185047406703]",-5.0831218261116495,3
584314,Data2024.xlsx,nan,davidson county,tennessee,2024,45,51,39,69,74.0,64.0,74,-0.5,6.5,,48.8,,88,4.1,16.3,91,72.2,83.8,23,91.7,85.1,56,56.7,59,34,44.0,24.0,28,-5.8,-8.2,,,,59,-8.5,5.9,26,3.6,2.2,42,60,52,4,1.3,0.2,32,35.0,29.0,35,16.7,9.5,,,,25,88.8,79.9,48,41.5,41.8,,27.8,,15,95,88.4,0,"['Labor Market Engagement Index Score', 'Internet Access Score', 'Female Above Poverty Score']","[-2.6148279318213463, -4.064008067511022, -8.360409571323544]",-5.013081856885304,3
528532,Data2024.xlsx,Yes,davidson county,tennessee,2024,34,40,29,46,49.0,42.0,30,-0.5,-2.7,68,48.8,348.5,72,4.1,8.3,18,72.2,61.8,11,91.7,79.4,68,56.7,64,22,22.0,22.0,40,-5.8,-4.1,12,,,14,-8.5,-28.6,24,3.6,2.1,37,60,46,4,1.3,0.2,36,50.0,23.0,42,16.7,19.3,58,,,7,88.8,62.6,48,41.5,41.8,,27.8,,13,95,87.6,2,"['Labor Market Engagement Index Score', 'Internet Access Score', 'Female Above Poverty Score', 'Residential Real Estate Value Score']","[-3.4423702152818443, -8.138665803149342, -7.671232457403094, -0.6859215943515301]",-4.984547517546453,4
519518,Data2024.xlsx,nan,davidson county,tennessee,2024,36,40,32,37,38.0,36.0,32,-0.5,-10.8,45,48.8,53.2,3,4.1,0.1,18,72.2,61.7,46,91.7,91,76,56.7,67.8,36,50.0,23.0,40,-5.8,-8.1,37,,,73,-8.5,39.7,39,3.6,2.9,17,60,22,13,1.3,0.4,35,32.0,38.0,35,16.7,12.8,30,,,23,88.8,78.7,75,41.5,37.5,19,27.8,15,35,95,93.1,2,"['Small Business Loans Score', 'Labor Market Engagement Index Score', 'Female Above Poverty Score']","[-0.9269163082260639, -4.711922067478299, -7.540067356275395]",-4.392968577326585,3
551374,Data2024.xlsx,nan,davidson county,tennessee,2024,50,48,51,57,64.0,50.0,58,-0.5,-1.2,70,48.8,77.4,49,4.1,3.9,44,72.2,70.5,20,91.7,84.2,88,56.7,74.8,58,42.0,74.0,62,-5.8,-5.5,29,,,35,-8.5,-32.8,45,3.6,3.3,93,60,95,85,1.3,2.9,33,38.0,28.0,46,16.7,15.4,29,,,25,88.8,79.8,33,41.5,44.4,42,27.8,24.7,14,95,87.8,0,"['New Businesses Score', 'Commercial Diversity Score', 'Internet Access Score', 'Female Above Poverty Score']","[-0.22983222814276816, -0.9580499732494354, -6.569715416319668, -9.645841128006577]",-4.350859686429612,4
576780,Data2024.xlsx,nan,davidson county,tennessee,2024,44,49,38,57,68.0,46.0,63,-0.5,11.1,73,48.8,185.9,70,4.1,7.9,10,72.2,57.9,22,91.7,84.8,81,56.7,70,38,41.0,36.0,28,-5.8,-11.3,40,,,56,-8.5,3.8,43,3.6,3.2,12,60,15,52,1.3,1.3,36,38.0,33.0,26,16.7,6.6,49,,,16,88.8,74.1,41,41.5,43,,27.8,,42,95,94.1,0,"['Labor Market Engagement Index Score', 'Internet Access Score', 'Female Above Poverty Score', 'Residential Real Estate Value Score']","[-4.131252640932798, -4.50549924004823, -8.252661564964802, -0.22130932983011006]",-4.277680693943984,4
533833,Data2024.xlsx,Yes,davidson county,tennessee,2024,53,62,44,70,73.0,67.0,73,-0.5,19.4,,48.8,,84,4.1,13.4,89,72.2,83.1,4,91.7,70.4,92,56.7,78.3,55,53.0,57.0,76,-5.8,0,45,,,39,-8.5,-14.8,80,3.6,6.8,16,60,20,76,1.3,2.2,34,60.0,7.0,67,16.7,85.7,54,,,1,88.8,33.6,1,41.5,62.7,,27.8,,20,95,90,0,"['New Businesses Score', 'Minority/Women Owned Businesses Score', 'Labor Market Engagement Index Score', 'Commercial Diversity Score', 'Internet Access Score']","[-1.3079025789070875, -3.2918891428690404, -4.747015800774097, -1.1413500617444514, -10.870508298855276]",-4.271733176629991,5
550691,Data2024.xlsx,nan,davidson county,tennessee,2024,60,66,55,72,71.0,72.0,59,-0.5,7.3,83,48.8,193.8,40,4.1,3,73,72.2,78.3,77,91.7,95.8,96,56.7,82,50,43.0,58.0,48,-5.8,-8.7,46,,,36,-8.5,-22.5,37,3.6,2.9,92,60,94,44,1.3,1.1,60,84.0,36.0,85,16.7,66.5,83,,,5,88.8,59.1,4,41.5,55.7,75,27.8,41,61,95,96.2,1,['Female Above Poverty Score'],[-4.254055761443451],-4.254055761443451,1
517656,Data2024.xlsx,nan,davidson county,tennessee,2024,41,44,38,42,46.0,38.0,39,-0.5,-6,52,48.8,65.7,20,4.1,1.3,30,72.2,66.4,57,91.7,92.9,43,56.7,54.1,46,50.0,42.0,39,-5.8,-9.5,53,,,59,-8.5,3.4,37,3.6,2.9,44,60,53,44,1.3,1.1,35,36.0,34.0,25,16.7,9.7,46,,,39,88.8,85.6,55,41.5,40.7,38,27.8,22.9,4,95,81.4,0,"['Labor Market Engagement Index Score', 'Female Above Poverty Score']","[-3.1586673329770565, -5.24425209781155]",-4.201459715394304,2
538743,Data2024.xlsx,nan,davidson county,tennessee,2024,42,46,37,32,33.0,32.0,33,-0.5,-43.3,,48.8,,49,4.1,4,38,72.2,68.8,4,91.7,71.7,36,56.7,50.9,48,56.0,39.0,89,-5.8,24.9,61,,,18,-8.5,-52.5,15,3.6,1.7,25,60,32,76,1.3,2.2,44,50.0,39.0,59,16.7,31.3,42,,,22,88.8,78.1,72,41.5,38,51,27.8,28.4,10,95,86.1,2,"['New Businesses Score', 'Spend Growth Score', 'Labor Market Engagement Index Score', 'Commercial Diversity Score', 'Internet Access Score', 'Female Above Poverty Score']","[-1.2426618892047554, -0.5863446686742827, -4.232923283874989, -1.0603449381142855, -10.040368543360382, -7.55440843731165]",-4.119508626756724,6
586071,Data2024.xlsx,nan,davidson county,tennessee,2024,48,56,41,54,48.0,61.0,34,-0.5,-5.7,61,48.8,91.4,69,4.1,7.6,93,72.2,84.9,45,91.7,90.8,38,56.7,51.7,38,41.0,34.0,6,-5.8,-25,67,,,49,-8.5,2.3,40,3.6,3,39,60,48,24,1.3,0.7,54,80.0,29.0,60,16.7,29.1,100,,,16,88.8,73.7,88,41.5,34.7,9,27.8,10.1,4,95,80.5,0,"['Spend Growth Score', 'Labor Market Engagement Index Score', 'Female Above Poverty Score']","[-0.7335314281471074, -3.3778267895430325, -7.797173462752252]",-3.969510560147464,3
587503,Data2024.xlsx,nan,davidson county,tennessee,2024,46,40,53,54,49.0,58.0,66,-0.5,14.5,32,48.8,28.1,70,4.1,7.7,29,72.2,66.2,34,91.7,88.3,99,56.7,88.4,60,44.0,75.0,47,-5.8,-11.2,42,,,44,-8.5,-25.1,44,3.6,3.3,84,60,88,97,1.3,5.5,27,28.0,26.0,31,16.7,-3.5,26,,,27,88.8,80.8,10,41.5,51.2,,27.8,,42,95,94,0,"['Commercial Diversity Score', 'Internet Access Score', 'Female Above Poverty Score']","[-1.79314070424065, -1.5589186636544765, -8.467633896004408]",-3.939897754633178,3
524235,Data2024.xlsx,nan,davidson county,tennessee,2024,64,66,62,72,84.0,60.0,82,-0.5,19.1,87,48.8,101.2,10,4.1,0.6,52,72.2,72.9,83,91.7,96.7,97,56.7,84.1,68,61.0,75.0,94,-5.8,18.9,39,,,51,-8.5,-20.4,45,3.6,3.3,82,60,87,97,1.3,5.3,52,53.0,50.0,43,16.7,4.2,63,,,44,88.8,87.1,5,41.5,54.1,58,27.8,31.5,94,95,99.2,1,"['New Businesses Score', 'Commercial Diversity Score', 'Female Above Poverty Score']","[-3.9549684051051734, -3.5004374371655285, -4.352605901146307]",-3.936003914472336,3
553071,Data2024.xlsx,nan,davidson county,tennessee,2024,42,55,30,51,68.0,34.0,79,-0.5,15.1,56,48.8,54.7,30,4.1,2.1,57,72.2,74.1,9,91.7,77.2,40,56.7,52.7,36,45.0,27.0,9,-5.8,-20.8,61,,,65,-8.5,18.3,17,3.6,1.8,39,60,48,24,1.3,0.7,41,52.0,30.0,41,16.7,13.8,63,,,33,88.8,83.4,34,41.5,44.4,5,27.8,7.6,48,95,94.8,0,"['Spend Growth Score', 'Small Business Loans Score', 'Labor Market Engagement Index Score', 'Internet Access Score', 'Female Above Poverty Score']","[-0.5859148135781288, -0.44106643756851555, -3.2622110461443663, -8.184609869644046, -6.858743290090933]",-3.8665090914051974,5
558324,Data2024.xlsx,nan,davidson county,tennessee,2024,46,49,44,51,42.0,60.0,67,-0.5,17.1,17,48.8,0.9,59,4.1,5.5,23,72.2,64.1,74,91.7,95.4,84,56.7,72,55,53.0,57.0,48,-5.8,-8.4,65,,,46,-8.5,-12.5,0,3.6,0.5,85,60,89,87,1.3,3.1,34,52.0,15.0,46,16.7,19.1,59,,,7,88.8,62.6,49,41.5,41.6,2,27.8,5.8,3,95,79.4,0,"['Spend Growth Score', 'Commercial Diversity Score', 'Female Above Poverty Score', 'Residential Real Estate Value Score']","[-0.1635340952547267, -2.169558972083032, -7.013516383301467, -5.70590548697859]",-3.763128734404454,4
543630,Data2024.xlsx,nan,davidson county,tennessee,2024,53,59,47,57,68.0,46.0,68,-0.5,3.7,,48.8,,34,4.1,2.4,33,72.2,67.5,29,91.7,86.9,87,56.7,74.1,59,53.0,65.0,46,-5.8,-10,64,,,48,-8.5,-13.8,36,3.6,2.8,80,60,86,80,1.3,2.4,44,56.0,31.0,70,16.7,50.3,42,,,24,88.8,79.3,53,41.5,41,,27.8,,16,95,88.6,0,"['Spend Growth Score', 'Commercial Diversity Score', 'Internet Access Score', 'Female Above Poverty Score']","[-0.3909623405057937, -0.7783423997089267, -4.241401787623763, -9.296342390533537]",-3.676762229593005,4
582541,Data2024.xlsx,nan,davidson county,tennessee,2024,48,52,44,52,62.0,42.0,60,-0.5,-0.9,65,48.8,84.2,14,4.1,0.9,55,72.2,73.6,57,91.7,92.8,41,56.7,53.3,58,61.0,55.0,90,-5.8,60.5,35,,,58,-8.5,1.1,8,3.6,1.3,73,60,80,83,1.3,2.6,34,33.0,36.0,53,16.7,22.2,13,,,24,88.8,79.4,81,41.5,36.3,22,27.8,16.2,17,95,88.8,0,"['New Businesses Score', 'Commercial Diversity Score', 'Female Above Poverty Score']","[-2.462297822292894, -1.0792644959315658, -7.384231166727841]",-3.641931161650767,3
520318,Data2024.xlsx,nan,davidson county,tennessee,2024,46,54,38,58,64.0,52.0,52,-0.5,-2.2,75,48.8,167.5,81,4.1,11.6,66,72.2,76.3,6,91.7,74.5,57,56.7,59.4,48,45.0,51.0,75,-5.8,3.8,35,,,25,-8.5,-24.5,61,3.6,4.4,16,60,21,76,1.3,2.2,33,54.0,12.0,60,16.7,30.9,49,,,6,88.8,60.8,2,41.5,57.4,19,27.8,15.2,23,95,90.7,0,"['New Businesses Score', 'Minority/Women Owned Businesses Score', 'Labor Market Engagement Index Score', 'Commercial Diversity Score', 'Internet Access Score', 'Female Above Poverty Score', 'Residential Real Estate Value Score']","[-1.2934612691495568, -0.10129018171690404, -4.82907474052161, -1.0583445918746293, -10.478050692602991, -7.140304470155388, -0.30159106334671376]",-3.600302429909685,7
572521,Data2024.xlsx,nan,davidson county,tennessee,2024,36,33,39,32,16.0,49.0,16,-0.5,-10.4,,48.8,,66,4.1,6.7,21,72.2,63.2,12,91.7,80.1,98,56.7,86.4,52,52.0,52.0,33,-5.8,-7.5,57,,,66,-8.5,29.7,70,3.6,5.4,72,60,79,13,1.3,0.4,24,32.0,17.0,56,16.7,27.6,9,,,18,88.8,75.9,34,41.5,44.3,14,27.8,12.6,2,95,77.1,2,"['Spend Growth Score', 'Small Business Loans Score', 'Minority/Women Owned Businesses Score', 'Internet Access Score', 'Female Above Poverty Score']","[-0.1295723709091544, -0.39564472103491427, -0.5038109969720245, -8.401617494784295, -8.568183645335957]",-3.599765845807269,5
556618,Data2024.xlsx,nan,davidson county,tennessee,2024,46,42,50,34,24.0,45.0,34,-0.5,-40.1,14,48.8,-15.8,48,4.1,3.9,29,72.2,66.3,26,91.7,86,78,56.7,68.9,66,60.0,71.0,64,-5.8,-4.5,75,,,42,-8.5,-16.8,57,3.6,4.2,60,60,69,96,1.3,4.8,38,42.0,35.0,21,16.7,7.2,64,,,19,88.8,76.3,68,41.5,38.6,,27.8,,17,95,89,2,"['New Businesses Score', 'Spend Growth Score', 'Commercial Diversity Score', 'Internet Access Score', 'Female Above Poverty Score', 'Residential Real Estate Value Score']","[-0.4996034066937864, -0.9297438095603138, -2.0915356687270106, -3.330541095919907, -8.512051928993314, -5.996178086809814]",-3.5599423327840243,6
533171,Data2024.xlsx,Yes,davidson county,tennessee,2024,48,53,43,64,67.0,62.0,67,-0.5,107.9,,48.8,,65,4.1,6.6,97,72.2,87.9,1,91.7,60,84,56.7,71.8,64,61.0,66.0,77,-5.8,1.4,50,,,55,-8.5,-7.4,76,3.6,6.2,36,60,45,87,1.3,3.1,16,31.0,2.0,21,16.7,7.7,41,,,2,88.8,46,0,41.5,64.6,5,27.8,7.8,3,95,79.5,0,"['New Businesses Score', 'Spend Growth Score', 'Minority/Women Owned Businesses Score', 'Labor Market Engagement Index Score', 'Commercial Diversity Score', 'Internet Access Score', 'Female Above Poverty Score']","[-1.4729494985938072, -0.018718798952177165, -2.756770926145837, -3.903374101817608, -1.2171240939013659, -12.352580690886825, -2.508756519947201]",-3.4614678043206886,7
543628,Data2024.xlsx,nan,davidson county,tennessee,2024,44,53,34,52,58.0,46.0,49,-0.5,1,66,48.8,166.6,52,4.1,4.4,51,72.2,72.4,3,91.7,68.2,77,56.7,68.2,46,57.0,34.0,63,-5.8,-3.7,62,,,46,-8.5,-3.4,4,3.6,1,37,60,46,60,1.3,1.5,33,44.0,22.0,58,16.7,30.4,30,,,8,88.8,65.5,2,41.5,58.6,76,27.8,42.2,4,95,81.3,0,"['New Businesses Score', 'Spend Growth Score', 'Labor Market Engagement Index Score', 'Commercial Diversity Score', 'Internet Access Score', 'Female Above Poverty Score', 'Residential Real Estate Value Score']","[-0.3333732816390693, -0.6641524069290609, -3.687880379296839, -0.8030157602764666, -10.515133828371763, -7.691331342756748, -0.4939016622491181]",-3.4555412373598666,7
534497,Data2024.xlsx,Yes,davidson county,tennessee,2024,46,65,28,62,67.0,58.0,67,-0.5,107.9,,48.8,,83,4.1,12.8,47,72.2,71.4,10,91.7,78.4,92,56.7,77.7,38,65.0,11.0,59,-5.8,2.2,69,,,67,-8.5,223.3,,,,18,60,23,4,1.3,0.2,38,62.0,15.0,67,16.7,131.2,57,,,1,88.8,36.9,23,41.5,46.7,18,27.8,14.5,19,95,89.4,0,"['Spend Growth Score', 'Small Business Loans Score', 'Labor Market Engagement Index Score', 'Internet Access Score']","[-0.6509299062611535, -0.8722278841771185, -4.439248677454889, -7.640976162366569]",-3.4008456575649326,4
532100,Data2024.xlsx,Yes,davidson county,tennessee,2024,45,51,39,42,30.0,53.0,39,-0.5,0.7,20,48.8,21.3,22,4.1,1.5,86,72.2,82.1,13,91.7,80.6,90,56.7,75.9,60,66.0,53.0,95,-5.8,30,32,,,72,-8.5,-0.5,54,3.6,3.9,13,60,16,92,1.3,3.7,34,58.0,11.0,65,16.7,38.8,51,,,1,88.8,40.1,5,41.5,54.9,,27.8,,26,95,91.3,0,"['New Businesses Score', 'Small Business Loans Score', 'Labor Market Engagement Index Score', 'Commercial Diversity Score', 'Internet Access Score', 'Residential Real Estate Value Score']","[-2.1768915838841347, -1.871461599841714, -4.990781976021826, -2.809020039346069, -6.282821005415172, -2.119404404889792]",-3.3750634348997846,6
547717,Data2024.xlsx,nan,davidson county,tennessee,2024,44,38,49,41,32.0,50.0,34,-0.5,-3.2,30,48.8,32,63,4.1,6.2,40,72.2,69.5,19,91.7,83.5,78,56.7,68.6,52,50.0,54.0,71,-5.8,-3,51,,,29,-8.5,-24.1,33,3.6,2.6,45,60,54,85,1.3,2.9,38,33.0,43.0,49,16.7,19.5,17,,,32,88.8,83,66,41.5,39,,27.8,,32,95,92.6,2,"['New Businesses Score', 'Labor Market Engagement Index Score', 'Commercial Diversity Score', 'Internet Access Score', 'Female Above Poverty Score']","[-1.1692486172541976, -2.465699884109199, -1.2939761999063193, -3.9010063167475164, -6.999419162953273]",-3.165870036194101,5
528544,Data2024.xlsx,Yes,davidson county,tennessee,2024,52,48,56,48,42.0,53.0,63,-0.5,2.6,22,48.8,9.1,64,4.1,6.5,2,72.2,49.6,78,91.7,96,69,56.7,64.2,62,63.0,62.0,56,-5.8,-8.8,51,,,83,-8.5,13.1,26,3.6,2.2,61,60,69,99,1.3,6.8,45,38.0,52.0,28,16.7,9.7,49,,,41,88.8,86.1,83,41.5,35.9,,27.8,,32,95,92.5,3,"['Small Business Loans Score', 'Commercial Diversity Score', 'Female Above Poverty Score', 'Residential Real Estate Value Score']","[-1.2186551589146257, -3.4585956418327988, -4.490882503641769, -3.333026211168617]",-3.1252898788894528,4
580637,Data2024.xlsx,nan,davidson county,tennessee,2024,43,58,28,44,56.0,32.0,45,-0.5,1.1,68,48.8,159.8,7,4.1,0.4,32,72.2,67.1,9,91.7,77.7,82,56.7,70.8,41,51.0,31.0,25,-5.8,-9.1,67,,,61,-8.5,20,67,3.6,5,12,60,16,13,1.3,0.4,45,68.0,22.0,51,16.7,23,84,,,13,88.8,71.1,13,41.5,50,41,27.8,24.2,19,95,89.6,0,"['Spend Growth Score', 'Small Business Loans Score', 'Minority/Women Owned Businesses Score', 'Labor Market Engagement Index Score', 'Internet Access Score', 'Female Above Poverty Score', 'Residential Real Estate Value Score']","[-0.6896438854467124, -0.2213209963031113, -0.06741339413449168, -4.420839307308197, -8.160555070005357, -7.809465585490688, -0.2554284032993019]",-3.0892380917125513,7
586067,Data2024.xlsx,nan,davidson county,tennessee,2024,48,53,44,47,50.0,44.0,34,-0.5,-6.1,65,48.8,128,46,4.1,3.6,8,72.2,56.1,45,91.7,90.8,75,56.7,67.3,63,67.0,59.0,69,-5.8,-4.6,41,,,90,-8.5,23.9,77,3.6,6.4,9,60,12,91,1.3,3.5,36,42.0,30.0,20,16.7,8.4,65,,,18,88.8,75.7,84,41.5,35.7,10,27.8,10.5,9,95,85.7,0,"['New Businesses Score', 'Small Business Loans Score', 'Minority/Women Owned Businesses Score', 'Labor Market Engagement Index Score', 'Commercial Diversity Score', 'Female Above Poverty Score']","[-1.0233744933828712, -1.1199764353595674, -1.0787182402703912, -5.260105977654457, -2.162592503130436, -7.864904680466279]",-3.0849453883773337,6
543625,Data2024.xlsx,nan,davidson county,tennessee,2024,46,47,46,46,32.0,59.0,34,-0.5,-51.5,30,48.8,-18.5,53,4.1,4.5,48,72.2,71.7,56,91.7,92.7,80,56.7,69.8,48,47.0,50.0,25,-5.8,-15,89,,,27,-8.5,-43.3,6,3.6,1.1,91,60,93,52,1.3,1.3,45,62.0,28.0,82,16.7,33,43,,,39,88.8,85.6,20,41.5,47.5,,27.8,,26,95,91.4,3,"['Spend Growth Score', 'Female Above Poverty Score']","[-0.9135609613452107, -5.254463300872594]",-3.0840121311089024,2
543526,Data2024.xlsx,nan,davidson county,tennessee,2024,52,62,43,58,74.0,42.0,74,-0.5,40.5,,48.8,,32,4.1,2.2,16,72.2,60.8,33,91.7,88,88,56.7,74.5,61,69.0,53.0,57,-5.8,-4.5,73,,,76,-8.5,107.1,49,3.6,3.6,67,60,75,44,1.3,1.1,38,43.0,34.0,58,16.7,31.5,28,,,24,88.8,79.4,69,41.5,38.5,,27.8,,8,95,84.7,0,"['Spend Growth Score', 'Small Business Loans Score', 'Internet Access Score', 'Female Above Poverty Score']","[-0.8812253317190334, -1.0768783380556852, -1.801649165507406, -8.417141290521249]",-3.0442235314508435,4
527397,Data2024.xlsx,Yes,davidson county,tennessee,2024,50,46,55,44,41.0,48.0,16,-0.5,-11.6,66,48.8,158.5,79,4.1,10.8,29,72.2,66.2,13,91.7,80.4,69,56.7,64.3,59,44.0,74.0,34,-5.8,-10.5,35,,,64,-8.5,10.5,68,3.6,5.2,89,60,92,66,1.3,1.8,48,54.0,42.0,71,16.7,64.8,37,,,48,88.8,88.1,51,41.5,41.3,,27.8,,28,95,91.8,3,"['Small Business Loans Score', 'Commercial Diversity Score', 'Internet Access Score', 'Female Above Poverty Score']","[-0.2721708335075527, -0.4795589544996619, -8.236336769275367, -3.183577794386074]",-3.0429110879171635,4
558328,Data2024.xlsx,nan,davidson county,tennessee,2024,47,48,46,51,62.0,40.0,54,-0.5,0.7,70,48.8,148.4,48,4.1,3.9,39,72.2,69.1,16,91.7,82.5,55,56.7,58.6,53,45.0,61.0,50,-5.8,-9.2,47,,,38,-8.5,-20,36,3.6,2.8,54,60,63,92,1.3,3.7,36,36.0,36.0,52,16.7,23.6,19,,,35,88.8,84.3,73,41.5,37.7,,27.8,,1,95,75.5,0,"['Commercial Diversity Score', 'Internet Access Score', 'Female Above Poverty Score', 'Residential Real Estate Value Score']","[-1.0954553863406182, -5.439772942997515, -5.415629647728056, -0.03222641505300999]",-2.9957710980298,4
532290,Data2024.xlsx,Yes,davidson county,tennessee,2024,38,49,28,44,58.0,30.0,50,-0.5,4.9,65,48.8,155.1,17,4.1,1.1,6,72.2,54.7,11,91.7,79.5,85,56.7,72.9,36,29.0,43.0,45,-5.8,-3.8,22,,,21,-8.5,-20,9,3.6,1.3,53,60,63,66,1.3,1.8,34,59.0,10.0,67,16.7,60.6,51,,,3,88.8,53.8,27,41.5,45.8,,27.8,,1,95,74.7,0,"['Commercial Diversity Score', 'Internet Access Score', 'Female Above Poverty Score', 'Residential Real Estate Value Score']","[-0.6428341373428702, -8.147114206962287, -2.879788579586893, -0.2336149412021041]",-2.975837966273539,4
547710,Data2024.xlsx,nan,davidson county,tennessee,2024,48,57,39,54,68.0,40.0,79,-0.5,5.8,57,48.8,72,1,4.1,0,34,72.2,67.6,70,91.7,94.9,55,56.7,58.7,55,64.0,46.0,42,-5.8,-8.8,77,,,74,-8.5,19.8,24,3.6,2.2,63,60,71,52,1.3,1.3,34,38.0,31.0,29,16.7,9.4,46,,,29,88.8,81.8,72,41.5,38,3,27.8,5.9,20,95,89.9,0,"['Spend Growth Score', 'Small Business Loans Score', 'Female Above Poverty Score']","[-1.0181483961455524, -1.0928973462432623, -6.695357505632565]",-2.9354677493404595,3
529356,Data2024.xlsx,Yes,davidson county,tennessee,2024,40,50,30,50,70.0,29.0,70,-0.5,9.9,,48.8,,46,4.1,3.6,20,72.2,62.6,25,91.7,85.9,25,56.7,46.4,47,52.0,42.0,38,-5.8,-10.9,87,,,31,-8.5,-14,8,3.6,1.2,47,60,56,71,1.3,2,24,28.0,20.0,15,16.7,2.4,42,,,13,88.8,71.5,45,41.5,42.2,4,27.8,7.3,20,95,89.8,0,"['Spend Growth Score', 'Labor Market Engagement Index Score', 'Commercial Diversity Score', 'Internet Access Score', 'Female Above Poverty Score']","[-0.7539724909607322, -1.1065196103602648, -0.8634322590567172, -3.5267966160550714, -8.396070268992334]",-2.9293582490850243,5
580617,Data2024.xlsx,nan,davidson county,tennessee,2024,40,47,33,44,49.0,38.0,46,-0.5,-3.3,52,48.8,68.7,22,4.1,1.5,32,72.2,67.2,47,91.7,91,51,56.7,57.1,56,64.0,47.0,61,-5.8,-5.5,77,,,53,-8.5,-2.2,30,3.6,2.5,60,60,69,52,1.3,1.3,20,27.0,13.0,24,16.7,11,30,,,14,88.8,71.9,16,41.5,48.6,,27.8,,8,95,84.6,0,"['New Businesses Score', 'Spend Growth Score', 'Female Above Poverty Score']","[-0.240367640722543, -0.7138269006367772, -7.803185547161847]",-2.919126696173722,3
543501,Data2024.xlsx,nan,davidson county,tennessee,2024,44,43,46,51,62.0,40.0,47,-0.5,-8.4,76,48.8,111.5,44,4.1,3.4,39,72.2,69.3,44,91.7,90.5,31,56.7,49.1,46,49.0,44.0,30,-5.8,-9.5,69,,,47,-8.5,-9,,,,63,60,71,24,1.3,0.7,36,17.0,54.0,28,16.7,10.2,6,,,13,88.8,71.6,81,41.5,36.4,87,27.8,52.8,37,95,93.3,0,"['Spend Growth Score', 'Internet Access Score', 'Female Above Poverty Score']","[-0.7508269736869261, -0.04285421572625637, -7.892508709970862]",-2.895396633128015,3
567759,Data2024.xlsx,nan,davidson county,tennessee,2024,38,41,34,54,52.0,56.0,39,-0.5,-11.5,66,48.8,113.6,40,4.1,3,85,72.2,81.9,29,91.7,87.1,70,56.7,64.7,35,48.0,22.0,68,-5.8,-1,56,,,21,-8.5,-38.7,4,3.6,1,39,60,48,24,1.3,0.7,24,24.0,25.0,11,16.7,-5.1,37,,,6,88.8,61.2,25,41.5,46.3,25,27.8,17.4,43,95,94.2,0,"['New Businesses Score', 'Labor Market Engagement Index Score', 'Internet Access Score', 'Female Above Poverty Score', 'Residential Real Estate Value Score']","[-0.7023623401112854, -2.962853139825165, -3.094928700849414, -7.157862806823105, -0.5447859984263778]",-2.8925585972070693,5
576776,Data2024.xlsx,nan,davidson county,tennessee,2024,50,70,30,55,74.0,36.0,78,-0.5,62.8,69,48.8,542.2,28,4.1,1.9,34,72.2,67.6,14,91.7,81.1,67,56.7,63.5,52,65.0,38.0,59,-5.8,11.1,68,,,67,-8.5,108.7,,,,43,60,52,34,1.3,0.9,43,70.0,16.0,58,16.7,29.1,82,,,12,88.8,70.5,40,41.5,43.1,0,27.8,2.3,12,95,87.2,0,"['New Businesses Score', 'Spend Growth Score', 'Small Business Loans Score', 'Labor Market Engagement Index Score', 'Internet Access Score', 'Female Above Poverty Score', 'Residential Real Estate Value Score']","[-0.017114840149879455, -0.8763604989368469, -0.6474782563745975, -3.2463103659451007, -7.1405253538116815, -7.9438819835241885, -0.2744132739678025]",-2.8780120818157284,7
558513,Data2024.xlsx,nan,davidson county,tennessee,2024,60,61,60,75,78.0,72.0,78,-0.5,10.2,77,48.8,71,72,4.1,8.3,49,72.2,71.9,65,91.7,94.1,100,56.7,92.6,48,38.0,59.0,36,-5.8,-11.4,21,,,58,-8.5,-8.5,47,3.6,3.4,96,60,97,34,1.3,0.9,58,66.0,50.0,51,16.7,9.7,81,,,38,88.8,85.4,7,41.5,52.7,71,27.8,38.6,86,95,98.5,1,"['Small Business Loans Score', 'Female Above Poverty Score']","[-0.08384493295103311, -5.579314461536706]",-2.8315796972438694,2
554874,Data2024.xlsx,nan,davidson county,tennessee,2024,53,57,49,60,67.0,52.0,67,-0.5,54.5,,48.8,,62,4.1,5.9,16,72.2,60.7,32,91.7,87.8,97,56.7,83.7,64,57.0,72.0,60,-5.8,-7.5,66,,,45,-8.5,-27.4,30,3.6,2.4,92,60,95,93,1.3,4,36,48.0,24.0,70,16.7,60.7,26,,,20,88.8,76.7,29,41.5,45.2,,27.8,,22,95,90.3,0,"['New Businesses Score', 'Spend Growth Score', 'Commercial Diversity Score', 'Internet Access Score', 'Female Above Poverty Score']","[-0.11402270488440991, -0.4080606324924156, -1.059710339885205, -3.1473418563976883, -9.320242170821876]",-2.8098755408963187,5
586058,Data2024.xlsx,nan,davidson county,tennessee,2024,38,46,31,36,38.0,34.0,34,-0.5,-10.9,41,48.8,51.9,3,4.1,0,2,72.2,49.1,66,91.7,94.2,66,56.7,62.9,43,61.0,25.0,50,-5.8,-5.8,72,,,62,-8.5,4.9,8,3.6,1.2,63,60,71,4,1.3,0.2,36,39.0,34.0,10,16.7,-3.6,68,,,13,88.8,71.5,71,41.5,38.2,,27.8,,17,95,88.9,3,"['Spend Growth Score', 'Small Business Loans Score', 'Female Above Poverty Score']","[-0.916762216091156, -0.2595869331620634, -7.208768487488851]",-2.7950392122473566,3
561943,Data2024.xlsx,nan,davidson county,tennessee,2024,50,45,54,57,41.0,73.0,33,-0.5,-2.4,49,48.8,52,82,4.1,12.3,72,72.2,77.8,64,91.7,94,75,56.7,67.2,41,24.0,58.0,18,-5.8,-13.3,,,,31,-8.5,-17.2,53,3.6,3.8,55,60,65,66,1.3,1.8,50,69.0,31.0,69,16.7,30.1,,,,38,88.8,85.3,42,41.5,42.9,,27.8,,14,95,88,3,"['Commercial Diversity Score', 'Female Above Poverty Score']","[-0.6746671087108552, -4.901433734949678]",-2.7880504218302664,2
534167,Data2024.xlsx,Yes,davidson county,tennessee,2024,44,55,34,57,58.0,56.0,54,-0.5,2.4,61,48.8,106.2,73,4.1,8.5,47,72.2,71.4,10,91.7,78.4,92,56.7,77.7,48,64.0,31.0,56,-5.8,-1.2,71,,,65,-8.5,24.5,50,3.6,3.7,18,60,23,24,1.3,0.7,28,42.0,15.0,5,16.7,-3.1,80,,,1,88.8,36.9,23,41.5,46.7,18,27.8,14.5,19,95,89.4,0,"['New Businesses Score', 'Spend Growth Score', 'Small Business Loans Score', 'Labor Market Engagement Index Score', 'Internet Access Score']","[-0.014856963427737355, -0.6605698212655261, -0.4970683333091438, -4.640886696018279, -7.9732262931391595]",-2.757321621431969,5
545925,Data2024.xlsx,nan,davidson county,tennessee,2024,48,53,42,59,74.0,44.0,78,-0.5,10.5,71,48.8,181.3,46,4.1,3.7,38,72.2,68.8,42,91.7,90.2,51,56.7,57.1,45,45.0,45.0,28,-5.8,-9.1,59,,,47,-8.5,-5.6,85,3.6,8,15,60,20,34,1.3,0.9,38,39.0,36.0,18,16.7,6,60,,,9,88.8,67,73,41.5,37.8,48,27.8,26.8,12,95,87.2,0,"['Spend Growth Score', 'Minority/Women Owned Businesses Score', 'Labor Market Engagement Index Score', 'Internet Access Score', 'Female Above Poverty Score', 'Residential Real Estate Value Score']","[-0.4104474399937317, -2.87751163860783, -4.464148778393865, -0.03701909825205803, -8.35680015815422, -0.3220405934937298]",-2.744661284482572,6
574753,Data2024.xlsx,nan,davidson county,tennessee,2024,48,49,48,47,42.0,52.0,47,-0.5,1.9,38,48.8,39.6,69,4.1,7.6,44,72.2,70.4,11,91.7,79.5,84,56.7,71.7,56,61.0,51.0,65,-5.8,-5.1,84,,,33,-8.5,-23.8,56,3.6,4,37,60,46,60,1.3,1.5,44,45.0,42.0,49,16.7,17.1,41,,,78,88.8,94.6,31,41.5,45,19,27.8,14.8,41,95,93.9,3,"['New Businesses Score', 'Spend Growth Score', 'Labor Market Engagement Index Score', 'Commercial Diversity Score', 'Internet Access Score']","[-0.4931515461578965, -0.5970359235163778, -4.672997838184237, -0.7235364360176026, -7.212607373408973]",-2.7398658234570177,5
550682,Data2024.xlsx,nan,davidson county,tennessee,2024,44,34,53,46,26.0,66.0,32,-0.5,-49.8,21,48.8,-8.8,95,4.1,25.8,34,72.2,67.6,81,91.7,96.4,55,56.7,58.7,44,43.0,45.0,48,-5.8,-8.9,61,,,19,-8.5,-65.3,9,3.6,1.3,83,60,88,44,1.3,1.1,40,34.0,47.0,29,16.7,5.3,38,,,40,88.8,85.8,76,41.5,37.3,,27.8,,25,95,91.1,3,"['Spend Growth Score', 'Female Above Poverty Score', 'Residential Real Estate Value Score']","[-0.2861766029940918, -5.007254526298493, -2.8215035688970236]",-2.7049782327298697,3
570743,Data2024.xlsx,nan,davidson county,tennessee,2024,44,44,43,36,30.0,42.0,33,-0.5,-28.7,27,48.8,20.7,63,4.1,6.2,29,72.2,66,18,91.7,83.4,59,56.7,60.2,54,61.0,46.0,88,-5.8,96.2,74,,,22,-8.5,-40.2,2,3.6,0.7,50,60,60,87,1.3,3.1,42,42.0,42.0,24,16.7,9.3,59,,,30,88.8,82.1,67,41.5,38.8,52,27.8,28.7,17,95,88.9,2,"['New Businesses Score', 'Spend Growth Score', 'Commercial Diversity Score', 'Internet Access Score', 'Female Above Poverty Score', 'Residential Real Estate Value Score']","[-1.7269167405925692, -0.8601997077139094, -1.5164286985062063, -4.105028382632882, -7.0339126902911815, -0.8933040492469445]",-2.6892983781639486,6
545926,Data2024.xlsx,nan,davidson county,tennessee,2024,47,52,42,50,59.0,41.0,79,-0.5,16,39,48.8,49.7,41,4.1,3.1,17,72.2,61.3,60,91.7,93.3,46,56.7,55,54,59.0,49.0,41,-5.8,-8.4,89,,,47,-8.5,-5,49,3.6,3.5,47,60,57,52,1.3,1.3,36,38.0,35.0,24,16.7,4.9,51,,,37,88.8,84.8,76,41.5,37.3,1,27.8,3.9,26,95,91.3,0,"['Spend Growth Score', 'Labor Market Engagement Index Score', 'Female Above Poverty Score']","[-0.8229872140055522, -1.823252148926258, -5.352626539785415]",-2.6662886342390753,3
563667,Data2024.xlsx,nan,davidson county,tennessee,2024,44,51,38,40,56.0,24.0,76,-0.5,16.2,37,48.8,34.2,9,4.1,0.6,13,72.2,59.3,36,91.7,88.7,38,56.7,51.8,46,57.0,36.0,40,-5.8,-10.3,70,,,60,-8.5,2,19,3.6,1.9,12,60,15,76,1.3,2.2,48,40.0,55.0,30,16.7,7.8,51,,,35,88.8,84.1,72,41.5,38.1,78,27.8,43.8,36,95,93.2,0,"['Spend Growth Score', 'Labor Market Engagement Index Score', 'Commercial Diversity Score', 'Internet Access Score', 'Female Above Poverty Score']","[-0.7800152934156358, -4.792733693234623, -1.0321964459121227, -0.9569780702143907, -5.766302135344595]",-2.6656451276242734,5
584361,Data2024.xlsx,nan,davidson county,tennessee,2024,47,50,44,48,45.0,51.0,36,-0.5,-1.9,54,48.8,56.2,9,4.1,0.5,99,72.2,90.6,74,91.7,95.4,21,56.7,44,32,37.0,28.0,4,-5.8,-23.8,,,,70,-8.5,31.4,,,,33,60,41,24,1.3,0.7,62,69.0,54.0,69,16.7,25.9,,,,68,88.8,92.6,14,41.5,49.5,85,27.8,50,47,95,94.7,3,"['Small Business Loans Score', 'Labor Market Engagement Index Score']","[-0.7919528920762241, -4.44805222555995]",-2.620002558818087,2
545945,Data2024.xlsx,nan,davidson county,tennessee,2024,52,47,57,46,23.0,69.0,21,-0.5,-29.8,25,48.8,-12,71,4.1,8.1,41,72.2,69.8,72,91.7,95.1,93,56.7,78.7,70,61.0,79.0,89,-5.8,7.5,61,,,34,-8.5,-52,41,3.6,3.1,99,60,99,96,1.3,5.1,40,57.0,24.0,61,16.7,17.7,53,,,11,88.8,69.2,21,41.5,47.3,,27.8,,41,95,93.9,3,"['New Businesses Score', 'Spend Growth Score', 'Commercial Diversity Score', 'Female Above Poverty Score', 'Residential Real Estate Value Score']","[-2.130094762388617, -0.13407236884348095, -1.794917510151863, -6.521524906698614, -2.5090590294077995]",-2.617933715498075,5
547724,Data2024.xlsx,nan,davidson county,tennessee,2024,48,46,50,45,42.0,48.0,28,-0.5,-13.7,57,48.8,80.7,64,4.1,6.5,32,72.2,67.2,41,91.7,89.9,53,56.7,57.9,61,47.0,75.0,27,-5.8,-18.6,76,,,39,-8.5,-16.7,51,3.6,3.7,86,60,90,87,1.3,3.1,38,50.0,26.0,65,16.7,36.9,34,,,24,88.8,79.5,37,41.5,43.7,27,27.8,18.2,16,95,88.6,3,"['Spend Growth Score', 'Commercial Diversity Score', 'Internet Access Score', 'Female Above Poverty Score']","[-0.7745132810715586, -0.9277166091278195, -0.302475539855659, -8.43772092724219]",-2.6106065893243064,4
580504,Data2024.xlsx,nan,davidson county,tennessee,2024,54,58,50,62,49.0,74.0,26,-0.5,-6.9,72,48.8,219.2,65,4.1,6.6,89,72.2,83.2,49,91.7,91.4,92,56.7,77.6,56,62.0,50.0,78,-5.8,-1.4,62,,,47,-8.5,-15.7,17,3.6,1.8,54,60,63,80,1.3,2.4,45,64.0,26.0,71,16.7,47.1,57,,,26,88.8,80.6,32,41.5,44.7,,27.8,,20,95,89.9,0,"['New Businesses Score', 'Spend Growth Score', 'Commercial Diversity Score', 'Female Above Poverty Score']","[-1.7738021216541529, -0.38968271244317293, -0.9378284855559468, -7.325460283514112]",-2.6066934007918463,4
580639,Data2024.xlsx,nan,davidson county,tennessee,2024,58,63,54,74,76.0,71.0,70,-0.5,12.9,82,48.8,96.5,10,4.1,0.7,82,72.2,80.9,96,91.7,98.9,97,56.7,84.5,46,45.0,48.0,29,-5.8,-17.5,76,,,29,-8.5,-37.2,3,3.6,0.9,96,60,97,44,1.3,1.1,55,68.0,42.0,60,16.7,16.5,75,,,6,88.8,62.4,29,41.5,45.3,54,27.8,29.7,79,95,97.9,1,"['Spend Growth Score', 'Female Above Poverty Score']","[-0.830156396497041, -4.383034929940477]",-2.606595663218759,2
582587,Data2024.xlsx,nan,davidson county,tennessee,2024,52,50,55,50,42.0,58.0,27,-0.5,-11.8,57,48.8,81.8,79,4.1,10.8,9,72.2,57.3,56,91.7,92.6,86,56.7,73.1,67,59.0,75.0,69,-5.8,-5.1,51,,,57,-8.5,-15.2,49,3.6,3.6,79,60,85,98,1.3,5.7,40,48.0,32.0,29,16.7,7.2,67,,,39,88.8,85.7,48,41.5,41.8,34,27.8,21.4,7,95,84.3,3,"['New Businesses Score', 'Commercial Diversity Score', 'Female Above Poverty Score']","[-1.0383856756985188, -1.6679448511078954, -5.108027824107557]",-2.6047861169713236,3
561956,Data2024.xlsx,nan,davidson county,tennessee,2024,38,45,32,48,42.0,54.0,23,-0.5,-8.3,60,48.8,89,78,4.1,10.3,45,72.2,70.8,23,91.7,85.1,70,56.7,64.8,32,42.0,23.0,56,-5.8,-3.4,20,,,49,-8.5,-1.7,7,3.6,1.2,3,60,4,60,1.3,1.5,35,52.0,18.0,48,16.7,22.1,56,,,3,88.8,54.3,31,41.5,44.9,,27.8,,20,95,89.9,2,"['New Businesses Score', 'Labor Market Engagement Index Score', 'Commercial Diversity Score', 'Internet Access Score', 'Female Above Poverty Score']","[-0.05144209016114473, -2.6891626293212174, -0.9447923895157874, -4.551889896579087, -4.73718306818977]",-2.594894014753401,5
524599,Data2024.xlsx,nan,davidson county,tennessee,2024,45,49,41,54,68.0,40.0,72,-0.5,21.3,65,48.8,103.1,45,4.1,3.5,69,72.2,77.2,34,91.7,88.4,11,56.7,37.2,36,39.0,33.0,61,-5.8,0,18,,,38,-8.5,-12.8,21,3.6,2,18,60,24,60,1.3,1.5,45,40.0,50.0,37,16.7,14.8,43,,,27,88.8,80.9,72,41.5,38,,27.8,,52,95,95.3,0,"['New Businesses Score', 'Labor Market Engagement Index Score', 'Commercial Diversity Score', 'Internet Access Score', 'Female Above Poverty Score', 'Residential Real Estate Value Score']","[-0.3037810859084129, -4.925626118369401, -0.8865902466140687, -1.4716490907594562, -7.806355294026434, -0.13872926142066716]",-2.5887885161830737,6
561912,Data2024.xlsx,nan,davidson county,tennessee,2024,44,50,39,42,40.0,44.0,45,-0.5,-6.2,34,48.8,27.6,38,4.1,2.8,35,72.2,67.9,9,91.7,77.4,96,56.7,82.2,52,57.0,46.0,57,-5.8,-4.5,56,,,58,-8.5,4.7,19,3.6,1.9,40,60,49,80,1.3,2.4,40,54.0,27.0,37,16.7,16.4,72,,,3,88.8,53.3,52,41.5,41.2,47,27.8,26.7,7,95,84.3,0,"['New Businesses Score', 'Spend Growth Score', 'Labor Market Engagement Index Score', 'Commercial Diversity Score', 'Internet Access Score', 'Female Above Poverty Score']","[-0.01726787144318223, -0.05196010450366884, -3.255926928445697, -0.9353035828284919, -8.090948314163834, -3.052757664406672]",-2.567360744298591,6
554863,Data2024.xlsx,nan,davidson county,tennessee,2024,40,33,48,60,49.0,71.0,39,-0.5,-1.7,59,48.8,74.7,74,4.1,8.8,71,72.2,77.5,45,91.7,90.8,95,56.7,81,24,13.0,35.0,4,-5.8,-28,13,,,23,-8.5,-25.9,,,,46,60,55,24,1.3,0.7,38,38.0,37.0,38,16.7,12.8,37,,,66,88.8,92.2,43,41.5,42.7,15,27.8,13.2,23,95,90.6,2,['Labor Market Engagement Index Score'],[-2.560908883064985],-2.560908883064985,1
524234,Data2024.xlsx,nan,davidson county,tennessee,2024,55,59,51,64,70.0,59.0,65,-0.5,4,75,48.8,99.4,49,4.1,4,63,72.2,75.4,82,91.7,96.6,41,56.7,53.1,44,55.0,34.0,88,-5.8,72.1,50,,,27,-8.5,-19,1,3.6,0.6,76,60,82,24,1.3,0.7,57,53.0,61.0,66,16.7,21.7,40,,,74,88.8,93.8,83,41.5,35.9,25,27.8,17.4,63,95,96.4,1,['New Businesses Score'],[-2.5355382725875826],-2.5355382725875826,1
586060,Data2024.xlsx,nan,davidson county,tennessee,2024,52,54,50,54,64.0,44.0,57,-0.5,0.2,70,48.8,168.4,53,4.1,4.5,13,72.2,59.2,61,91.7,93.5,47,56.7,55.7,64,67.0,61.0,92,-5.8,17.1,55,,,54,-8.5,-10.5,21,3.6,2,66,60,74,95,1.3,4.4,37,30.0,44.0,24,16.7,2.4,35,,,30,88.8,82.2,53,41.5,41,62,27.8,33.3,29,95,92,1,"['New Businesses Score', 'Spend Growth Score', 'Commercial Diversity Score', 'Female Above Poverty Score']","[-2.439296201686375, -0.09918403528630733, -1.2847409274429082, -6.286809135396034]",-2.527507574952906,4
543545,Data2024.xlsx,nan,davidson county,tennessee,2024,52,49,56,42,20.0,63.0,20,-0.5,-50,,48.8,,77,4.1,10,15,72.2,60.5,62,91.7,93.6,98,56.7,86.7,70,62.0,77.0,91,-5.8,8.2,60,,,34,-8.5,-68.9,33,3.6,2.6,99,60,99,100,1.3,17.4,48,66.0,29.0,76,16.7,25.1,57,,,42,88.8,86.4,21,41.5,47.2,,27.8,,23,95,90.8,3,"['New Businesses Score', 'Spend Growth Score', 'Commercial Diversity Score', 'Female Above Poverty Score']","[-2.6995844474248587, -0.24365453796461226, -2.378405553344637, -4.469489433262497]",-2.447783492999151,4
526484,Data2024.xlsx,nan,davidson county,tennessee,2024,60,55,66,64,62.0,66.0,50,-0.5,-1,75,48.8,96.6,46,4.1,3.6,86,72.2,82,77,91.7,95.8,56,56.7,59,68,56.0,80.0,46,-5.8,-8,79,,,42,-8.5,-11.1,,,,94,60,96,66,1.3,1.8,50,46.0,53.0,32,16.7,6.1,59,,,37,88.8,84.7,74,41.5,37.7,52,27.8,28.5,50,95,95.1,1,"['Spend Growth Score', 'Commercial Diversity Score', 'Female Above Poverty Score']","[-0.930799791123718, -0.6803802058659494, -5.721374968085438]",-2.444184988358369,3
543544,Data2024.xlsx,nan,davidson county,tennessee,2024,49,48,50,64,76.0,52.0,77,-0.5,8.8,76,48.8,110.8,100,4.1,72.7,35,72.2,68.2,62,91.7,93.6,10,56.7,36,45,38.0,52.0,9,-5.8,-16.4,,,,66,-8.5,9.6,,,,59,60,68,44,1.3,1.1,38,30.0,45.0,30,16.7,6,,,,29,88.8,81.9,71,41.5,38.2,48,27.8,26.9,32,95,92.6,0,"['Spend Growth Score', 'Small Business Loans Score', 'Female Above Poverty Score']","[-0.010431376006454229, -0.3810899358615279, -6.909827659605071]",-2.4337829904910175,3
536967,Data2024.xlsx,nan,davidson county,tennessee,2024,54,63,45,58,54.0,62.0,33,-0.5,-17.2,76,48.8,195.6,79,4.1,10.6,21,72.2,63.4,59,91.7,93.2,90,56.7,76.2,58,74.0,43.0,94,-5.8,28.3,58,,,71,-8.5,4.2,4,3.6,0.9,66,60,74,60,1.3,1.5,45,60.0,30.0,74,16.7,42,46,,,10,88.8,67.6,4,41.5,55.2,96,27.8,73.7,12,95,87,1,"['New Businesses Score', 'Spend Growth Score', 'Small Business Loans Score', 'Commercial Diversity Score', 'Female Above Poverty Score']","[-2.606741671524942, -0.0911955555062741, -1.6493301387131214, -0.5996192284673453, -6.956704123308882]",-2.380718143504113,5
535274,Data2024.xlsx,Yes,davidson county,tennessee,2024,52,51,52,56,52.0,61.0,32,-0.5,-44.7,72,48.8,317.2,87,4.1,15.4,52,72.2,72.7,24,91.7,85.5,80,56.7,69.9,60,47.0,74.0,50,-5.8,-10,63,,,28,-8.5,-56.2,76,3.6,6.2,54,60,63,91,1.3,3.5,38,54.0,22.0,65,16.7,35.3,43,,,37,88.8,84.9,7,41.5,52.9,,27.8,,22,95,90.5,0,"['Spend Growth Score', 'Minority/Women Owned Businesses Score', 'Commercial Diversity Score', 'Internet Access Score', 'Female Above Poverty Score']","[-0.4759988764906302, -0.6346303697302937, -1.5115949808619917, -3.839386211745441, -5.258439743388444]",-2.3440100364433603,5
574755,Data2024.xlsx,nan,davidson county,tennessee,2024,49,55,43,36,46.0,27.0,39,-0.5,-10.3,54,48.8,93.5,30,4.1,2.1,6,72.2,54.6,43,91.7,90.4,30,56.7,48.4,66,78.0,53.0,93,-5.8,27.2,85,,,55,-8.5,-5.4,0,3.6,0.2,63,60,71,95,1.3,4.4,45,42.0,48.0,13,16.7,-6.7,72,,,31,88.8,82.7,84,41.5,35.7,,27.8,,29,95,92,3,"['New Businesses Score', 'Spend Growth Score', 'Commercial Diversity Score', 'Internet Access Score', 'Female Above Poverty Score']","[-2.2525732503971083, -0.6422963546961546, -1.2720513942092657, -0.18122847063466907, -7.009801686797291]",-2.271590231346898,5
526179,Data2024.xlsx,nan,davidson county,tennessee,2024,56,56,56,68,60.0,75.0,46,-0.5,-4.6,73,48.8,92.5,97,4.1,29.8,95,72.2,86,53,91.7,92.2,56,56.7,58.9,49,55.0,43.0,87,-5.8,26.3,23,,,54,-8.5,-7.7,1,3.6,0.5,77,60,83,52,1.3,1.3,51,52.0,50.0,76,16.7,40.4,29,,,59,88.8,90.8,49,41.5,41.7,,27.8,,41,95,93.9,1,['New Businesses Score'],[-2.2613214282877743],-2.2613214282877743,1
536596,Data2024.xlsx,nan,davidson county,tennessee,2024,40,40,41,40,36.0,43.0,48,-0.5,4.4,25,48.8,18.7,21,4.1,1.4,19,72.2,62.4,34,91.7,88.3,98,56.7,86,58,57.0,60.0,91,-5.8,12.2,39,,,42,-8.5,-32.7,45,3.6,3.3,39,60,48,97,1.3,5.3,24,28.0,21.0,23,16.7,2.8,34,,,0,88.8,28.8,11,41.5,50.4,,27.8,,53,95,95.4,0,"['New Businesses Score', 'Labor Market Engagement Index Score', 'Commercial Diversity Score', 'Internet Access Score', 'Residential Real Estate Value Score']","[-2.431662428751588, -3.186561619080603, -2.8746932015009223, -1.7710229421965777, -0.8617582990042866]",-2.2251396981067955,5
517209,Data2024.xlsx,nan,davidson county,tennessee,2024,59,56,62,68,72.0,64.0,66,-0.5,8.4,77,48.8,216.4,63,4.1,6.2,64,72.2,75.8,56,91.7,92.7,71,56.7,65.2,54,47.0,61.0,41,-5.8,-5.6,25,,,75,-8.5,29.4,90,3.6,10.3,89,60,92,4,1.3,0.2,55,48.0,62.0,68,16.7,34.5,27,,,69,88.8,92.9,68,41.5,38.6,,27.8,,50,95,95,1,"['Small Business Loans Score', 'Minority/Women Owned Businesses Score']","[-0.9387980565894395, -3.5069161711260675]",-2.2228571138577533,2
550768,Data2024.xlsx,nan,davidson county,tennessee,2024,51,55,47,62,85.0,38.0,92,-0.5,18.7,78,48.8,94.9,4,4.1,0.2,46,72.2,71.2,63,91.7,93.8,38,56.7,51.8,60,51.0,68.0,44,-5.8,-9.1,71,,,39,-8.5,-22.7,59,3.6,4.3,78,60,84,66,1.3,1.8,32,30.0,35.0,31,16.7,5.3,28,,,39,88.8,85.6,51,41.5,41.4,,27.8,,14,95,87.8,1,"['Spend Growth Score', 'Commercial Diversity Score', 'Female Above Poverty Score']","[-0.9301369001017883, -0.5515244041197002, -5.183023864310234]",-2.2215617228439073,3
587502,Data2024.xlsx,nan,davidson county,tennessee,2024,44,48,41,41,46.0,36.0,35,-0.5,-16.2,56,48.8,99.6,59,4.1,5.4,37,72.2,68.5,29,91.7,87,19,56.7,43.2,52,50.0,55.0,9,-5.8,-19.7,82,,,60,-8.5,13,,,,86,60,90,24,1.3,0.7,39,47.0,31.0,69,16.7,33.7,25,,,46,88.8,87.6,19,41.5,47.9,,27.8,,29,95,92.1,3,"['Spend Growth Score', 'Small Business Loans Score', 'Internet Access Score', 'Female Above Poverty Score']","[-0.9122904436476529, -0.07768310159444809, -3.521058806851506, -3.886089785173535]",-2.0992805343167857,4
543520,Data2024.xlsx,nan,davidson county,tennessee,2024,64,72,57,76,78.0,75.0,80,-0.5,27.1,77,48.8,278,67,4.1,7,,72.2,,69,91.7,94.8,88,56.7,74.5,60,63.0,57.0,53,-5.8,-6.9,60,,,77,-8.5,14.8,13,3.6,1.6,97,60,98,60,1.3,1.5,57,75.0,39.0,72,16.7,60.1,78,,,31,88.8,82.6,46,41.5,42.1,,27.8,,40,95,93.8,1,"['Spend Growth Score', 'Small Business Loans Score', 'Commercial Diversity Score', 'Female Above Poverty Score']","[-0.4700286099128425, -1.3147473939228802, -0.6401388318371027, -5.899076838856563]",-2.080997918632347,4
551398,Data2024.xlsx,nan,davidson county,tennessee,2024,62,60,64,55,46.0,64.0,24,-0.5,-4.4,69,48.8,254.1,29,4.1,2,57,72.2,74.1,72,91.7,95.2,98,56.7,86.2,79,73.0,85.0,93,-5.8,13.6,79,,,48,-8.5,-24.6,58,3.6,4.2,99,60,99,98,1.3,6.4,52,60.0,44.0,76,16.7,62.2,45,,,55,88.8,89.9,78,41.5,37,28,27.8,18.5,17,95,89,1,"['New Businesses Score', 'Spend Growth Score', 'Commercial Diversity Score', 'Female Above Poverty Score']","[-3.337825683183037, -0.6810686101019382, -2.674477852024138, -1.5911369534395634]",-2.071127274687169,4
534154,Data2024.xlsx,Yes,davidson county,tennessee,2024,60,67,53,64,60.0,69.0,47,-0.5,-0.3,74,48.8,111.5,76,4.1,9.5,30,72.2,66.4,82,91.7,96.6,89,56.7,75,66,64.0,67.0,93,-5.8,24.1,53,,,45,-8.5,-19.9,16,3.6,1.7,99,60,99,87,1.3,3.1,49,76.0,22.0,80,16.7,36.5,71,,,43,88.8,86.8,8,41.5,52.5,5,27.8,7.4,33,95,92.6,1,"['New Businesses Score', 'Spend Growth Score', 'Commercial Diversity Score', 'Female Above Poverty Score']","[-2.401518261018209, -0.0015329951979219914, -1.1866503457911313, -4.596349042300135]",-2.046512661076849,4
547703,Data2024.xlsx,nan,davidson county,tennessee,2024,54,58,49,54,59.0,50.0,50,-0.5,-1.6,68,48.8,75.9,30,4.1,2.1,44,72.2,70.6,65,91.7,94.1,62,56.7,61.2,64,73.0,56.0,68,-5.8,-0.8,78,,,73,-8.5,12.5,,,,45,60,54,66,1.3,1.8,42,42.0,42.0,49,16.7,17.6,35,,,41,88.8,86.2,54,41.5,40.8,45,27.8,25.9,30,95,92.1,1,"['New Businesses Score', 'Spend Growth Score', 'Small Business Loans Score', 'Labor Market Engagement Index Score', 'Commercial Diversity Score', 'Female Above Poverty Score']","[-0.8235841560736299, -1.0001379973627627, -1.5492281498387457, -3.087881028428674, -1.0688436480425298, -4.628414227804169]",-2.0263482012584184,6
553085,Data2024.xlsx,nan,davidson county,tennessee,2024,52,52,51,58,60.0,57.0,62,-0.5,1.6,58,48.8,70.6,99,4.1,48.7,35,72.2,68.1,37,91.7,89.1,57,56.7,59.4,52,46.0,59.0,45,-5.8,-6.3,36,,,58,-8.5,2.4,70,3.6,5.4,83,60,88,24,1.3,0.7,44,50.0,38.0,54,16.7,19.4,45,,,35,88.8,84.1,28,41.5,45.5,73,27.8,39.8,16,95,88.7,0,"['Small Business Loans Score', 'Minority/Women Owned Businesses Score', 'Internet Access Score', 'Female Above Poverty Score']","[-0.01810506412759423, -0.2756299120560288, -1.5670856860652567, -6.198041821122169]",-2.0147156208427623,4
588878,Data2024.xlsx,nan,davidson county,tennessee,2024,53,63,43,61,80.0,42.0,88,-0.5,19,72,48.8,143.8,10,4.1,0.7,42,72.2,70,35,91.7,88.5,82,56.7,70.7,42,37.0,47.0,44,-5.8,-7.8,22,,,46,-8.5,-4.8,5,3.6,1.1,64,60,72,71,1.3,2,56,72.0,39.0,59,16.7,31.8,86,,,4,88.8,56.4,76,41.5,37.2,58,27.8,31.5,18,95,89.2,0,"['Commercial Diversity Score', 'Internet Access Score', 'Female Above Poverty Score', 'Residential Real Estate Value Score']","[-0.6908105228096246, -1.9781494702398776, -5.311279810313136, -0.02692191652953625]",-2.0017904299730436,4
561946,Data2024.xlsx,nan,davidson county,tennessee,2024,45,52,38,57,68.0,46.0,67,-0.5,9.2,68,48.8,74.9,3,4.1,0.1,75,72.2,78.7,52,91.7,92,56,56.7,59.1,38,48.0,28.0,22,-5.8,-14.3,,,,74,-8.5,23.8,18,3.6,1.9,41,60,51,24,1.3,0.7,40,40.0,39.0,40,16.7,10.6,,,,38,88.8,85.3,49,41.5,41.7,8,27.8,9.4,60,95,96,0,"['Spend Growth Score', 'Small Business Loans Score', 'Labor Market Engagement Index Score', 'Female Above Poverty Score', 'Residential Real Estate Value Score']","[-0.07094099164009095, -0.9420534154307098, -3.485041148662567, -5.067410865360871, -0.3605386101081967]",-1.9851970062404871,5
554870,Data2024.xlsx,nan,davidson county,tennessee,2024,52,49,54,63,68.0,58.0,63,-0.5,3.1,73,48.8,125.6,88,4.1,16,47,72.2,71.4,47,91.7,91.1,49,56.7,56.3,58,54.0,63.0,46,-5.8,-8.6,50,,,65,-8.5,13.4,59,3.6,4.3,86,60,90,44,1.3,1.1,32,24.0,40.0,18,16.7,-0.6,30,,,45,88.8,87.4,62,41.5,39.5,10,27.8,10.6,42,95,94,1,"['Small Business Loans Score', 'Female Above Poverty Score']","[-0.24265418104827405, -3.707418395681307]",-1.9750362883647905,2
544123,Data2024.xlsx,nan,davidson county,tennessee,2024,57,61,53,70,72.0,67.0,69,-0.5,36,76,48.8,123.2,37,4.1,2.7,42,72.2,70,90,91.7,97.7,99,56.7,87.3,56,52.0,61.0,66,-5.8,-4.8,41,,,48,-8.5,-15,0,3.6,0.5,100,60,100,83,1.3,2.6,46,60.0,32.0,73,16.7,23.4,47,,,41,88.8,86.3,5,41.5,54.5,30,27.8,19.5,50,95,95,1,"['New Businesses Score', 'Commercial Diversity Score', 'Female Above Poverty Score']","[-0.3518025629688054, -1.1576268090493977, -4.364689828101546]",-1.9580397333732495,3
517208,Data2024.xlsx,nan,davidson county,tennessee,2024,52,46,57,53,36.0,70.0,36,-0.5,-0.7,,48.8,,59,4.1,5.4,46,72.2,71.2,75,91.7,95.6,98,56.7,86.4,50,39.0,61.0,55,-5.8,-4.3,22,,,39,-8.5,-14.7,40,3.6,3,98,60,99,44,1.3,1.1,50,62.0,39.0,84,16.7,49.2,39,,,50,88.8,88.7,29,41.5,45.4,,27.8,,37,95,93.3,3,['Female Above Poverty Score'],[-1.919819522500038],-1.919819522500038,1
568958,Data2024.xlsx,nan,davidson county,tennessee,2024,58,50,66,70,70.0,70.0,73,-0.5,5.3,68,48.8,55.5,19,4.1,1.3,77,72.2,79.4,84,91.7,96.9,98,56.7,86.2,48,36.0,60.0,36,-5.8,-14.1,23,,,49,-8.5,-14.9,1,3.6,0.6,100,60,100,80,1.3,2.4,56,44.0,69.0,66,16.7,18.2,23,,,47,88.8,88,49,41.5,41.6,98,27.8,81.6,82,95,98.2,1,"['Commercial Diversity Score', 'Female Above Poverty Score']","[-0.8487686813436448, -2.976236631758511]",-1.9125026565510779,2
544118,Data2024.xlsx,nan,davidson county,tennessee,2024,51,59,43,60,74.0,47.0,71,-0.5,8.6,76,48.8,166,68,4.1,7.4,6,72.2,54.3,77,91.7,95.8,36,56.7,51.2,50,47.0,54.0,46,-5.8,-8.5,32,,,63,-8.5,4.1,13,3.6,1.5,70,60,77,80,1.3,2.4,42,56.0,28.0,53,16.7,18.9,60,,,43,88.8,86.7,24,41.5,46.6,,27.8,,16,95,88.6,1,"['Small Business Loans Score', 'Commercial Diversity Score', 'Female Above Poverty Score']","[-0.2265300557948649, -0.8515682733990252, -4.580520699853078]",-1.8862063430156557,3
543629,Data2024.xlsx,nan,davidson county,tennessee,2024,59,62,56,74,76.0,72.0,77,-0.5,6.7,75,48.8,118.3,96,4.1,29.3,58,72.2,74.3,75,91.7,95.6,58,56.7,59.8,59,57.0,61.0,27,-5.8,-15,71,,,74,-8.5,12.4,41,3.6,3.1,70,60,77,71,1.3,2,44,52.0,35.0,76,16.7,39.7,28,,,44,88.8,87,4,41.5,55.2,,27.8,,58,95,95.9,1,"['Spend Growth Score', 'Small Business Loans Score', 'Commercial Diversity Score', 'Female Above Poverty Score']","[-1.0251109401881695, -1.4346812460012734, -1.0505020855925977, -4.031889394661412]",-1.885545916610863,4
543624,Data2024.xlsx,nan,davidson county,tennessee,2024,48,49,47,48,38.0,58.0,16,-0.5,-14.8,61,48.8,108.2,42,4.1,3.2,71,72.2,77.7,23,91.7,85.1,94,56.7,79.7,49,50.0,48.0,55,-5.8,-5.1,45,,,49,-8.5,-7.5,9,3.6,1.3,68,60,76,66,1.3,1.8,47,58.0,36.0,67,16.7,35.9,50,,,53,88.8,89.5,63,41.5,39.4,12,27.8,11.5,14,95,88,3,"['Commercial Diversity Score', 'Internet Access Score']","[-0.5631065566651523, -3.1617794283479452]",-1.8624429925065487,2
545924,Data2024.xlsx,nan,davidson county,tennessee,2024,52,52,51,64,64.0,63.0,54,-0.5,-1.7,74,48.8,142.8,61,4.1,5.9,58,72.2,74.3,57,91.7,92.9,76,56.7,67.6,42,38.0,46.0,5,-5.8,-22,,,,71,-8.5,48.6,76,3.6,6.2,39,60,48,24,1.3,0.7,50,55.0,45.0,55,16.7,26,,,,36,88.8,84.4,96,41.5,31.9,,27.8,,3,95,79.6,0,"['Spend Growth Score', 'Small Business Loans Score', 'Minority/Women Owned Businesses Score', 'Labor Market Engagement Index Score', 'Female Above Poverty Score', 'Residential Real Estate Value Score']","[-0.058805068619549275, -0.6516009502019733, -0.653694667071104, -3.7394383827224376, -5.74371700768359, -0.2064001235552132]",-1.8422760333089778,6
563558,Data2024.xlsx,nan,davidson county,tennessee,2024,50,45,55,57,58.0,56.0,55,-0.5,4.6,62,48.8,96.7,79,4.1,10.7,32,72.2,67.1,27,91.7,86.3,86,56.7,73.5,57,48.0,66.0,40,-5.8,-11,76,,,29,-8.5,-26,38,3.6,2.9,84,60,89,76,1.3,2.2,36,30.0,43.0,28,16.7,3,33,,,48,88.8,88.2,69,41.5,38.5,,27.8,,12,95,87.2,0,"['Spend Growth Score', 'Commercial Diversity Score', 'Internet Access Score', 'Female Above Poverty Score']","[-0.69476734301541, -0.6688874774985015, -3.2287377636134624, -2.6667015815712514]",-1.8147735414246564,4
588882,Data2024.xlsx,nan,davidson county,tennessee,2024,54,62,47,58,72.0,43.0,77,-0.5,7.5,67,48.8,119.8,14,4.1,0.9,62,72.2,75.3,30,91.7,87.3,67,56.7,63.4,56,65.0,46.0,93,-5.8,41.1,65,,,36,-8.5,-21.7,1,3.6,0.6,52,60,61,85,1.3,2.9,50,49.0,51.0,49,16.7,22.7,49,,,42,88.8,86.5,94,41.5,32.9,,27.8,,16,95,88.6,0,"['New Businesses Score', 'Spend Growth Score', 'Commercial Diversity Score', 'Internet Access Score', 'Female Above Poverty Score']","[-2.126000698339194, -0.41883318373933437, -1.3533279444091022, -1.4205981266126038, -3.7137440811283886]",-1.8065008068457247,5
576779,Data2024.xlsx,nan,davidson county,tennessee,2024,54,62,47,47,54.0,40.0,40,-0.5,-4.8,69,48.8,99.5,2,4.1,0,42,72.2,70.1,46,91.7,90.9,72,56.7,65.8,61,66.0,56.0,94,-5.8,20.5,57,,,48,-8.5,-17,13,3.6,1.5,55,60,64,99,1.3,7,56,66.0,45.0,55,16.7,20.2,78,,,69,88.8,92.8,67,41.5,38.8,5,27.8,7.8,39,95,93.7,3,"['New Businesses Score', 'Spend Growth Score', 'Labor Market Engagement Index Score', 'Commercial Diversity Score']","[-3.4999875676771626, -0.1226312449760735, -0.3862327559292316, -3.1410048476047816]",-1.7874641040468122,4
517205,Data2024.xlsx,nan,davidson county,tennessee,2024,64,59,70,64,50.0,78.0,40,-0.5,-8.9,60,48.8,46.3,56,4.1,5,82,72.2,80.7,98,91.7,99.4,78,56.7,68.5,78,84.0,72.0,84,-5.8,5,86,,,81,-8.5,7.8,43,3.6,3.2,97,60,98,76,1.3,2.2,52,43.0,60.0,47,16.7,8.7,39,,,87,88.8,96.1,30,41.5,45,58,27.8,31.4,65,95,96.6,1,"['New Businesses Score', 'Spend Growth Score', 'Small Business Loans Score', 'Commercial Diversity Score']","[-2.883857351467013, -1.0781197434104979, -1.6062137358542532, -1.4850111830141395]",-1.7633005034364762,4
529972,Data2024.xlsx,Yes,davidson county,tennessee,2024,47,51,43,48,52.0,44.0,41,-0.5,-1.2,64,48.8,109,24,4.1,1.6,7,72.2,55.6,59,91.7,93.2,88,56.7,74.6,62,62.0,62.0,60,-5.8,-6.2,51,,,74,-8.5,7.9,34,3.6,2.7,71,60,78,80,1.3,2.4,32,39.0,24.0,43,16.7,17.8,35,,,33,88.8,83.4,29,41.5,45.4,2,27.8,4.9,34,95,92.8,0,"['New Businesses Score', 'Spend Growth Score', 'Small Business Loans Score', 'Commercial Diversity Score', 'Female Above Poverty Score']","[-0.2231099943071604, -0.03883630132302642, -1.2592783825471998, -1.0013371502608062, -6.185292042559013]",-1.741570774199441,5
544122,Data2024.xlsx,nan,davidson county,tennessee,2024,49,49,49,60,66.0,54.0,66,-0.5,38.3,,48.8,,65,4.1,6.6,4,72.2,52.3,47,91.7,91.1,100,56.7,95.6,68,57.0,80.0,86,-5.8,3.3,46,,,40,-8.5,-15.7,63,3.6,4.7,81,60,86,95,1.3,4.4,18,23.0,13.0,9,16.7,-10.6,37,,,0,88.8,17.4,12,41.5,50.3,,27.8,,26,95,91.5,0,"['New Businesses Score', 'Commercial Diversity Score']","[-2.195022803563625, -1.10339137095958]",-1.6492070872616025,2
536996,Data2024.xlsx,nan,davidson county,tennessee,2024,54,61,48,64,76.0,51.0,75,-0.5,13.2,78,48.8,125.8,7,4.1,0.4,34,72.2,67.8,76,91.7,95.7,86,56.7,73.2,59,59.0,59.0,84,-5.8,6.7,45,,,47,-8.5,-13.2,5,3.6,1,88,60,91,83,1.3,2.6,41,48.0,34.0,53,16.7,18.4,43,,,62,88.8,91.4,36,41.5,43.9,14,27.8,12.6,25,95,91.2,1,"['New Businesses Score', 'Commercial Diversity Score']","[-2.335174078512937, -0.9620023109018803]",-1.6485881947074086,2
551375,Data2024.xlsx,nan,davidson county,tennessee,2024,62,57,68,68,60.0,76.0,45,-0.5,-3.7,76,48.8,105.7,47,4.1,3.8,57,72.2,74,99,91.7,99.6,99,56.7,89.5,63,48.0,78.0,69,-5.8,-4.6,32,,,43,-8.5,-22.3,56,3.6,4,99,60,99,80,1.3,2.4,57,64.0,50.0,81,16.7,30.2,46,,,47,88.8,88.1,6,41.5,53.5,67,27.8,36,82,95,98.1,1,"['New Businesses Score', 'Commercial Diversity Score', 'Female Above Poverty Score']","[-0.7760581775940955, -1.1345235123299062, -2.9700195652060213]",-1.6268670850433409,3
587494,Data2024.xlsx,nan,davidson county,tennessee,2024,64,71,57,64,66.0,61.0,47,-0.5,-3.5,86,48.8,95.3,45,4.1,3.5,73,72.2,78.1,33,91.7,88.2,94,56.7,80.4,66,69.0,64.0,92,-5.8,15.9,71,,,45,-8.5,-27.3,4,3.6,0.9,96,60,97,93,1.3,4,62,78.0,46.0,78,16.7,23.7,77,,,48,88.8,88.1,8,41.5,52.5,55,27.8,29.9,75,95,97.5,1,"['New Businesses Score', 'Spend Growth Score', 'Commercial Diversity Score', 'Internet Access Score', 'Female Above Poverty Score']","[-2.1194533060118554, -0.5271855078265071, -1.460446902308613, -0.9053352499939501, -2.648328787917271]",-1.5321499508116392,5
528554,Data2024.xlsx,Yes,davidson county,tennessee,2024,52,55,48,68,68.0,68.0,65,-0.5,9.1,71,48.8,192.6,62,4.1,5.9,93,72.2,84.9,25,91.7,85.8,90,56.7,75.9,42,39.0,45.0,26,-5.8,-21.3,53,,,38,-8.5,-35.9,20,3.6,1.9,45,60,54,71,1.3,2,46,59.0,32.0,69,16.7,43.3,49,,,2,88.8,50.4,0,41.5,67.6,84,27.8,48.5,42,95,94.1,0,"['Spend Growth Score', 'Labor Market Engagement Index Score', 'Commercial Diversity Score', 'Internet Access Score', 'Female Above Poverty Score', 'Residential Real Estate Value Score']","[-0.10486629855353385, -2.2879371535778046, -0.8026571840979159, -3.971647380888462, -1.503133106548339, -0.48919078851118686]",-1.5265719853628739,6
570739,Data2024.xlsx,nan,davidson county,tennessee,2024,50,50,50,40,31.0,48.0,33,-0.5,-49.3,29,48.8,-1.1,27,4.1,1.8,42,72.2,70,50,91.7,91.7,74,56.7,66.5,63,60.0,66.0,73,-5.8,-2.8,83,,,23,-8.5,-64.3,23,3.6,2.1,85,60,90,91,1.3,3.5,48,60.0,36.0,71,16.7,28.1,49,,,49,88.8,88.5,43,41.5,42.7,,27.8,,16,95,88.7,3,"['New Businesses Score', 'Spend Growth Score', 'Commercial Diversity Score', 'Female Above Poverty Score']","[-1.6122188224643468, -0.6612039124267176, -1.3518471428006889, -2.432455243747681]",-1.5144312803598585,4
521796,Data2024.xlsx,nan,davidson county,tennessee,2024,56,55,56,50,66.0,34.0,61,-0.5,1.9,72,48.8,63.4,7,4.1,0.4,12,72.2,58.9,17,91.7,82.6,99,56.7,88,54,45.0,64.0,61,-5.8,-6.6,9,,,66,-8.5,-4.9,3,3.6,0.8,95,60,96,93,1.3,4,62,55.0,70.0,41,16.7,3.1,69,,,72,88.8,93.4,19,41.5,47.8,93,27.8,62,98,95,99.9,1,"['New Businesses Score', 'Small Business Loans Score', 'Commercial Diversity Score', 'Internet Access Score']","[-0.1484369147196412, -0.32678856446407734, -0.9838621650263667, -4.235858483053744]",-1.4237365318159574,4
586050,Data2024.xlsx,nan,davidson county,tennessee,2024,60,66,55,60,63.0,56.0,52,-0.5,3,74,48.8,117.8,38,4.1,2.8,86,72.2,82.2,55,91.7,92.5,45,56.7,54.7,48,64.0,33.0,63,-5.8,-2.7,53,,,75,-8.5,24.3,36,3.6,2.8,10,60,13,52,1.3,1.3,74,72.0,77.0,79,16.7,38.1,66,,,91,88.8,97,84,41.5,35.8,,27.8,,57,95,95.8,1,"['New Businesses Score', 'Spend Growth Score', 'Small Business Loans Score', 'Labor Market Engagement Index Score', 'Residential Real Estate Value Score']","[-0.3496574675384909, -0.02541331425309181, -1.2084390412457287, -5.39056927818805, -0.05817731872200966]",-1.406451283989474,5
553086,Data2024.xlsx,nan,davidson county,tennessee,2024,68,67,68,73,68.0,78.0,57,-0.5,0,79,48.8,72.9,77,4.1,10,65,72.2,76,84,91.7,96.8,87,56.7,73.8,69,73.0,65.0,80,-5.8,0.5,73,,,65,-8.5,-6.8,19,3.6,1.9,97,60,98,80,1.3,2.4,60,60.0,60.0,62,16.7,14.8,57,,,88,88.8,96.3,15,41.5,49.2,48,27.8,26.9,87,95,98.6,1,"['New Businesses Score', 'Spend Growth Score', 'Small Business Loans Score', 'Commercial Diversity Score']","[-2.8947256334498523, -0.7441680947132409, -0.748009309405461, -1.0910530286841094]",-1.3694890165631661,4
517658,Data2024.xlsx,nan,davidson county,tennessee,2024,47,53,41,54,63.0,46.0,53,-0.5,1.8,73,48.8,163.3,40,4.1,3,50,72.2,72.2,40,91.7,89.8,54,56.7,58.2,46,48.0,44.0,48,-5.8,-8.2,70,,,27,-8.5,-30.6,3,3.6,0.9,68,60,76,60,1.3,1.5,41,48.0,34.0,59,16.7,23.9,36,,,41,88.8,86.1,64,41.5,39.3,4,27.8,7.4,27,95,91.5,0,"['Spend Growth Score', 'Commercial Diversity Score', 'Female Above Poverty Score', 'Residential Real Estate Value Score']","[-0.8155919831851497, -0.43318438133224846, -4.11947345232591, -0.010666655134409666]",-1.3447291179944294,4
545943,Data2024.xlsx,nan,davidson county,tennessee,2024,62,60,64,68,73.0,63.0,75,-0.5,9,71,48.8,88.2,61,4.1,5.8,86,72.2,82.1,82,91.7,96.5,24,56.7,45.5,68,63.0,73.0,25,-5.8,-11.1,85,,,79,-8.5,38.7,67,3.6,5,68,60,76,83,1.3,2.6,50,44.0,56.0,48,16.7,15.9,39,,,60,88.8,91.2,89,41.5,34.5,53,27.8,29.2,24,95,90.9,1,"['Spend Growth Score', 'Small Business Loans Score', 'Commercial Diversity Score']","[-1.0675891686230898, -1.3965724875964225, -1.4452310814708471]",-1.3031309125634531,3
524594,Data2024.xlsx,nan,davidson county,tennessee,2024,50,55,45,54,54.0,55.0,41,-0.5,-6.8,66,48.8,86.6,22,4.1,1.5,55,72.2,73.5,55,91.7,92.5,87,56.7,74,44,62.0,27.0,57,-5.8,1.5,70,,,59,-8.5,4.3,12,3.6,1.5,44,60,53,24,1.3,0.7,52,50.0,54.0,63,16.7,30.1,36,,,48,88.8,88.1,98,41.5,30.2,,27.8,,16,95,88.7,0,"['Spend Growth Score', 'Small Business Loans Score', 'Labor Market Engagement Index Score', 'Female Above Poverty Score', 'Residential Real Estate Value Score']","[-0.8718857530131936, -0.03142262551933527, -3.008877541013062, -2.25677505299449, -0.11219524778425694]",-1.2562312440648675,5
586003,Data2024.xlsx,nan,davidson county,tennessee,2024,55,50,60,50,41.0,58.0,39,-0.5,-43.7,43,48.8,10,48,4.1,3.9,67,72.2,76.7,97,91.7,99.1,20,56.7,43.7,57,46.0,68.0,49,-5.8,-10,53,,,37,-8.5,-48.6,15,3.6,1.6,95,60,96,93,1.3,4,59,64.0,54.0,44,16.7,9.6,84,,,60,88.8,91.1,88,41.5,34.8,,27.8,,13,95,87.7,3,['Commercial Diversity Score'],[-1.244770158454776],-1.244770158454776,1
528533,Data2024.xlsx,Yes,davidson county,tennessee,2024,54,62,46,55,58.0,52.0,41,-0.5,0.2,74,48.8,293.8,37,4.1,2.7,50,72.2,72.2,24,91.7,85.5,95,56.7,80.9,58,61.0,56.0,51,-5.8,-9.2,53,,,78,-8.5,4.7,2,3.6,0.7,72,60,79,95,1.3,4.4,48,66.0,30.0,77,16.7,132,56,,,51,88.8,89.1,4,41.5,55.2,,27.8,,36,95,93.2,0,"['Spend Growth Score', 'Small Business Loans Score', 'Commercial Diversity Score', 'Internet Access Score', 'Residential Real Estate Value Score']","[-0.10386983826756477, -1.3415126282908023, -1.2885570488125087, -3.3611705006472765, -0.0779457632265985]",-1.23461115584895,5
517210,Data2024.xlsx,nan,davidson county,tennessee,2024,42,45,38,47,54.0,40.0,43,-0.5,0,66,48.8,103.8,55,4.1,4.8,20,72.2,62.7,45,91.7,90.7,40,56.7,52.9,46,54.0,39.0,22,-5.8,-17.1,73,,,66,-8.5,15.2,15,3.6,1.7,35,60,44,66,1.3,1.8,31,26.0,36.0,23,16.7,0.2,29,,,50,88.8,88.7,73,41.5,37.8,6,27.8,8.2,14,95,87.9,0,"['Spend Growth Score', 'Small Business Loans Score', 'Labor Market Engagement Index Score', 'Commercial Diversity Score', 'Female Above Poverty Score', 'Residential Real Estate Value Score']","[-0.8970456008426845, -0.3875292744860053, -4.550759343653917, -0.9516345299594104, -0.17301308906637133, -0.014752834271639585]",-1.162455778713338,6
556631,Data2024.xlsx,nan,davidson county,tennessee,2024,66,58,74,78,78.0,79.0,76,-0.5,6.4,79,48.8,94.8,96,4.1,27.3,80,72.2,80.1,92,91.7,98.1,48,56.7,55.8,62,53.0,72.0,46,-5.8,-10.9,71,,,43,-8.5,-22.5,58,3.6,4.2,72,60,79,85,1.3,2.9,58,43.0,72.0,34,16.7,4.4,52,,,92,88.8,97.2,68,41.5,38.6,,27.8,,56,95,95.7,1,"['Spend Growth Score', 'Commercial Diversity Score']","[-1.0819640360632912, -1.206712513640523]",-1.144338274851907,2
563712,Data2024.xlsx,nan,davidson county,tennessee,2024,70,63,78,80,72.0,87.0,68,-0.5,10.8,75,48.8,67.8,87,4.1,15.5,87,72.2,82.5,98,91.7,99.3,75,56.7,67.1,66,64.0,69.0,61,-5.8,-5.9,90,,,41,-8.5,-24,33,3.6,2.6,94,60,96,80,1.3,2.4,66,54.0,78.0,45,16.7,5.8,63,,,99,88.8,99.3,34,41.5,44.3,89,27.8,54.7,92,95,99,1,"['Spend Growth Score', 'Commercial Diversity Score']","[-1.131654886379838, -1.1312949069589378]",-1.131474896669388,2
540554,Data2024.xlsx,nan,davidson county,tennessee,2024,64,61,66,73,70.0,76.0,60,-0.5,2.8,81,48.8,79.8,33,4.1,2.3,78,72.2,79.5,95,91.7,98.7,97,56.7,84.6,60,54.0,65.0,34,-5.8,-9.2,,,,75,-8.5,8.3,46,3.6,3.4,90,60,93,60,1.3,1.5,59,60.0,58.0,60,16.7,13.6,,,,74,88.8,93.9,15,41.5,48.9,73,27.8,39.6,71,95,97.1,1,"['Small Business Loans Score', 'Commercial Diversity Score']","[-1.3779605959821493, -0.8803916568402201]",-1.1291761264111848,2
576882,Data2024.xlsx,nan,davidson county,tennessee,2024,62,63,60,67,63.0,71.0,66,-0.5,9.5,60,48.8,55.4,42,4.1,3.2,61,72.2,75.1,95,91.7,98.6,86,56.7,73,62,62.0,63.0,61,-5.8,-5.9,74,,,52,-8.5,-13.3,61,3.6,4.5,95,60,96,34,1.3,0.9,55,64.0,46.0,68,16.7,19.6,60,,,89,88.8,96.5,34,41.5,44.3,24,27.8,17.1,38,95,93.5,1,['Spend Growth Score'],[-1.1265715271048249],-1.1265715271048249,1
578714,Data2024.xlsx,nan,davidson county,tennessee,2024,55,52,58,53,55.0,51.0,39,-0.5,-3.2,71,48.8,91,76,4.1,9.5,25,72.2,64.6,30,91.7,87.2,73,56.7,66.3,54,44.0,63.0,46,-5.8,-5.7,53,,,32,-8.5,-18.4,,,,92,60,94,34,1.3,0.9,58,56.0,61.0,72,16.7,32.7,39,,,80,88.8,94.9,29,41.5,45.4,89,27.8,55.6,46,95,94.6,3,"['Spend Growth Score', 'Internet Access Score']","[-0.027055281717330217, -2.1944732333347203]",-1.1107642575260253,2
526182,Data2024.xlsx,nan,davidson county,tennessee,2024,50,51,48,48,56.0,41.0,43,-0.5,-0.2,68,48.8,123.9,38,4.1,2.8,20,72.2,62.9,64,91.7,94,42,56.7,53.5,44,42.0,46.0,8,-5.8,-25.7,76,,,43,-8.5,-3.7,,,,78,60,84,13,1.3,0.4,55,54.0,56.0,41,16.7,11.1,66,,,50,88.8,88.8,81,41.5,36.4,48,27.8,27.1,46,95,94.5,3,"['Spend Growth Score', 'Female Above Poverty Score']","[-0.8617946408549324, -1.3071393947675825]",-1.0844670178112574,2
551379,Data2024.xlsx,nan,davidson county,tennessee,2024,65,62,68,68,66.0,70.0,77,-0.5,6.3,55,48.8,48,90,4.1,17.6,82,72.2,80.7,31,91.7,87.6,76,56.7,67.8,66,60.0,73.0,70,-5.8,-4.7,76,,,35,-8.5,-33.2,43,3.6,3.2,82,60,87,94,1.3,4.2,60,60.0,60.0,73,16.7,30.7,46,,,76,88.8,94.2,82,41.5,36.1,26,27.8,17.9,55,95,95.6,1,"['New Businesses Score', 'Spend Growth Score', 'Commercial Diversity Score', 'Internet Access Score']","[-0.9921531279012561, -0.6170217179507017, -0.9376549731381237, -1.789567834008485]",-1.0840994132496415,4
568957,Data2024.xlsx,nan,davidson county,tennessee,2024,67,65,69,71,69.0,73.0,65,-0.5,10.4,73,48.8,73.5,37,4.1,2.7,98,72.2,88.9,97,91.7,99.1,59,56.7,60.4,51,49.0,53.0,44,-5.8,-10.2,67,,,37,-8.5,-19.2,30,3.6,2.4,96,60,97,34,1.3,0.9,80,78.0,82.0,89,16.7,34.8,67,,,98,88.8,98.7,73,41.5,37.8,62,27.8,33.5,94,95,99.2,1,['Spend Growth Score'],[-1.08201002728194],-1.08201002728194,1
523306,Data2024.xlsx,nan,davidson county,tennessee,2024,64,53,75,79,72.0,86.0,67,-0.5,17,76,48.8,110.2,77,4.1,9.8,91,72.2,84,97,91.7,99.1,81,56.7,70.1,64,50.0,78.0,36,-5.8,-13.4,62,,,53,-8.5,-6.2,84,3.6,7.7,99,60,99,52,1.3,1.3,49,38.0,60.0,39,16.7,5.2,38,,,77,88.8,94.4,64,41.5,39.2,65,27.8,35.1,35,95,93,1,"['Spend Growth Score', 'Minority/Women Owned Businesses Score']","[-0.6925362173095345, -1.4692719121091067]",-1.0809040647093207,2
561962,Data2024.xlsx,nan,davidson county,tennessee,2024,66,62,71,70,68.0,73.0,57,-0.5,1.7,78,48.8,85.1,78,4.1,10.2,45,72.2,70.8,73,91.7,95.2,95,56.7,81.2,68,63.0,72.0,73,-5.8,-2.8,59,,,56,-8.5,-10.7,31,3.6,2.5,99,60,99,87,1.3,3.1,60,54.0,67.0,39,16.7,3.4,69,,,78,88.8,94.5,34,41.5,44.4,83,27.8,48,74,95,97.4,1,"['New Businesses Score', 'Spend Growth Score', 'Commercial Diversity Score']","[-1.5406870066560805, -0.5282227960042656, -0.9769339965283871]",-1.0152812663962443,3
574441,Data2024.xlsx,nan,davidson county,tennessee,2024,46,50,41,39,40.0,38.0,12,-0.5,-19,69,48.8,193.5,22,4.1,1.5,19,72.2,62.4,31,91.7,87.6,79,56.7,69.4,49,46.0,52.0,54,-5.8,-7.5,37,,,48,-8.5,-13.5,35,3.6,2.7,45,60,54,76,1.3,2.2,48,64.0,33.0,73,16.7,53.3,56,,,50,88.8,88.7,4,41.5,55.5,,27.8,,44,95,94.4,3,"['Labor Market Engagement Index Score', 'Commercial Diversity Score', 'Internet Access Score', 'Residential Real Estate Value Score']","[-2.219909886047244, -0.7906195943616331, -0.8723211108520627, -0.12289941482245922]",-1.0014375015208496,4
554877,Data2024.xlsx,nan,davidson county,tennessee,2024,,58,54,,,33.0,,-0.5,,,48.8,,33,4.1,2.4,,72.2,,,91.7,,,56.7,,68,62.0,74.0,92,-5.8,27.4,73,,,20,-8.5,-39.4,64,3.6,4.7,,60,,85,1.3,2.9,,53.0,,,16.7,,53,,,,88.8,,,41.5,,,27.8,,,95,,3,"['New Businesses Score', 'Spend Growth Score', 'Labor Market Engagement Index Score', 'Commercial Diversity Score', 'Female Above Poverty Score']","[-2.2466860596090554, -0.574968664702028, -0.07810966320335865, -1.315286800544709, -0.7620553854666651]",-0.9954213147051633,5
570735,Data2024.xlsx,nan,davidson county,tennessee,2024,50,44,56,56,55.0,57.0,38,-0.5,-3.7,72,48.8,170.4,81,4.1,11.4,25,72.2,64.9,83,91.7,96.6,39,56.7,52.2,53,42.0,64.0,32,-5.8,-14,42,,,52,-8.5,-5.1,16,3.6,1.7,92,60,94,83,1.3,2.6,41,36.0,46.0,50,16.7,13.7,23,,,60,88.8,91.1,63,41.5,39.5,,27.8,,15,95,88.4,3,['Commercial Diversity Score'],[-0.9802632781118155],-0.9802632781118155,1
516185,Data2024.xlsx,nan,davidson county,tennessee,2024,52,44,61,56,40.0,71.0,39,-0.5,-44.4,41,48.8,21,99,4.1,55.2,83,72.2,81.2,89,91.7,97.7,13,56.7,39.3,40,41.0,40.0,48,-5.8,-6.9,55,,,21,-8.5,-57.8,1,3.6,0.7,49,60,58,71,1.3,2,62,50.0,73.0,64,16.7,27.7,37,,,59,88.8,90.8,98,41.5,30.2,,27.8,,62,95,96.3,3,"['Labor Market Engagement Index Score', 'Commercial Diversity Score']","[-0.843809605948627, -1.1058030096255242]",-0.9748063077870757,2
550766,Data2024.xlsx,nan,davidson county,tennessee,2024,68,69,66,68,68.0,67.0,63,-0.5,5.5,73,48.8,69.3,60,4.1,5.6,87,72.2,82.5,25,91.7,85.7,97,56.7,84.1,68,66.0,69.0,63,-5.8,-5.6,85,,,50,-8.5,-15.2,59,3.6,4.3,88,60,91,60,1.3,1.5,68,74.0,63.0,84,16.7,27.6,64,,,61,88.8,91.3,6,41.5,53.6,94,27.8,66.5,90,95,98.9,1,"['New Businesses Score', 'Spend Growth Score', 'Commercial Diversity Score', 'Internet Access Score']","[-0.21348948311060667, -0.6477693613804877, -0.3985525431483984, -2.4867976754903793]",-0.9366522657824681,4
561905,Data2024.xlsx,nan,davidson county,tennessee,2024,56,47,66,48,40.0,56.0,28,-0.5,-12.1,51,48.8,34.8,5,4.1,0.2,88,72.2,83,90,91.7,97.8,43,56.7,54.1,60,59.0,60.0,52,-5.8,-3.6,75,,,49,-8.5,-9.2,,,,95,60,96,24,1.3,0.7,61,41.0,81.0,55,16.7,13.3,27,,,93,88.8,97.4,96,41.5,32.2,46,27.8,26.2,90,95,98.8,3,['Spend Growth Score'],[-0.8998002721276134],-0.8998002721276134,1
551370,Data2024.xlsx,nan,davidson county,tennessee,2024,56,53,58,46,33.0,58.0,36,-0.5,-48.5,30,48.8,-42.2,59,4.1,5.4,41,72.2,69.8,68,91.7,94.6,64,56.7,62,66,60.0,73.0,63,-5.8,-5.4,83,,,34,-8.5,-46.9,41,3.6,3,90,60,93,87,1.3,3.1,54,65.0,42.0,61,16.7,20.1,69,,,55,88.8,89.9,44,41.5,42.5,,27.8,,28,95,91.8,3,"['New Businesses Score', 'Spend Growth Score', 'Commercial Diversity Score', 'Female Above Poverty Score', 'Residential Real Estate Value Score']","[-0.2268239302933216, -0.8637274652533233, -1.5175914563797415, -0.9875937703810632, -0.7431237472593785]",-0.8677720739133656,5
568959,Data2024.xlsx,nan,davidson county,tennessee,2024,64,58,70,66,44.0,87.0,23,-0.5,-6.9,65,48.8,50.6,89,4.1,17,84,72.2,81.5,85,91.7,96.9,89,56.7,75.4,49,42.0,56.0,15,-5.8,-13.9,,,,68,-8.5,10.4,78,3.6,6.5,85,60,89,4,1.3,0.2,76,87.0,66.0,87,16.7,30,,,,89,88.8,96.5,22,41.5,47.1,64,27.8,34.6,88,95,98.7,3,"['Small Business Loans Score', 'Minority/Women Owned Businesses Score']","[-0.6325786139536649, -0.9955093900300562]",-0.8140440019918606,2
519877,Data2024.xlsx,nan,davidson county,tennessee,2024,52,46,59,61,54.0,68.0,54,-0.5,4.6,53,48.8,61.5,67,4.1,7,67,72.2,76.7,45,91.7,90.8,93,56.7,78.9,48,37.0,58.0,21,-5.8,-13.6,72,,,18,-8.5,-27.9,,,,93,60,95,24,1.3,0.7,48,46.0,51.0,71,16.7,28.8,21,,,80,88.8,94.8,80,41.5,36.5,16,27.8,13.6,29,95,92,3,['Spend Growth Score'],[-0.765160922659561],-0.765160922659561,1
517660,Data2024.xlsx,nan,davidson county,tennessee,2024,72,75,69,69,72.0,66.0,60,-0.5,1.5,84,48.8,97.7,27,4.1,1.9,49,72.2,71.9,88,91.7,97.5,98,56.7,85.6,71,64.0,78.0,65,-5.8,-5,85,,,43,-8.5,-25.6,55,3.6,4,100,60,100,80,1.3,2.4,76,88.0,63.0,95,16.7,48.7,82,,,77,88.8,94.4,1,41.5,59.3,97,27.8,78.9,77,95,97.7,1,"['New Businesses Score', 'Spend Growth Score', 'Commercial Diversity Score']","[-0.27902433461509646, -0.8438807916454971, -1.1296911248378456]",-0.7508654170328132,3
580618,Data2024.xlsx,nan,davidson county,tennessee,2024,,54,48,,,32.0,,-0.5,,,48.8,,32,4.1,2.3,,72.2,,,91.7,,,56.7,,66,69.0,64.0,62,-5.8,-6.3,60,,,86,-8.5,36.7,42,3.6,3.1,,60,,87,1.3,3.1,,39.0,,,16.7,,39,,,,88.8,,,41.5,,,27.8,,,95,,3,"['New Businesses Score', 'Spend Growth Score', 'Small Business Loans Score', 'Labor Market Engagement Index Score', 'Commercial Diversity Score', 'Female Above Poverty Score']","[-0.27268340699374677, -0.46787106458097694, -1.4365108692273498, -0.09073838666081428, -1.2363552072271704, -0.8327128807362169]",-0.7228119692377125,6
572558,Data2024.xlsx,nan,davidson county,tennessee,2024,59,49,69,59,42.0,76.0,35,-0.5,-51.7,48,48.8,31.4,99,4.1,53.1,96,72.2,86.6,56,91.7,92.6,55,56.7,58.4,63,57.0,69.0,74,-5.8,9.5,66,,,31,-8.5,-31.4,73,3.6,5.8,67,60,75,66,1.3,1.8,56,49.0,63.0,81,16.7,35.8,17,,,63,88.8,91.6,64,41.5,39.2,,27.8,,62,95,96.3,3,"['New Businesses Score', 'Spend Growth Score', 'Minority/Women Owned Businesses Score', 'Commercial Diversity Score']","[-1.7138315260410308, -0.38410640984773636, -0.12594320272095502, -0.5123633579723537]",-0.684061124145519,4
520319,Data2024.xlsx,nan,davidson county,tennessee,2024,50,52,48,48,42.0,53.0,32,-0.5,-9.5,52,48.8,47.5,98,4.1,36.9,11,72.2,58,66,91.7,94.3,36,56.7,51,53,66.0,40.0,62,-5.8,-4.8,91,,,44,-8.5,-15.5,3,3.6,0.8,82,60,87,34,1.3,0.9,50,49.0,51.0,34,16.7,0.9,64,,,55,88.8,90.1,87,41.5,34.9,36,27.8,22.1,27,95,91.6,3,"['New Businesses Score', 'Spend Growth Score', 'Female Above Poverty Score']","[-0.19555286744609476, -0.7451863461453467, -1.063229651916772]",-0.6679896218360711,3
545944,Data2024.xlsx,nan,davidson county,tennessee,2024,60,59,61,62,68.0,57.0,74,-0.5,6,62,48.8,47.9,4,4.1,0.2,79,72.2,79.8,98,91.7,99.4,48,56.7,56.1,54,48.0,59.0,27,-5.8,-12,40,,,76,-8.5,9.9,35,3.6,2.7,99,60,99,44,1.3,1.1,64,60.0,68.0,45,16.7,8.4,76,,,98,88.8,98.8,98,41.5,30.5,4,27.8,7.4,73,95,97.4,1,['Small Business Loans Score'],[-0.6626855712290853],-0.6626855712290853,1
545932,Data2024.xlsx,nan,davidson county,tennessee,2024,54,51,57,58,60.0,57.0,56,-0.5,5.6,65,48.8,76.3,26,4.1,1.8,75,72.2,78.9,94,91.7,98.5,34,56.7,50.3,50,37.0,62.0,19,-5.8,-12.1,,,,55,-8.5,1.6,74,3.6,5.9,79,60,85,34,1.3,0.9,54,55.0,53.0,55,16.7,16.3,,,,51,88.8,89,53,41.5,41,44,27.8,25.2,63,95,96.4,1,"['Minority/Women Owned Businesses Score', 'Female Above Poverty Score']","[-0.22384885318577288, -1.095038771610707]",-0.65944381239824,2
576592,Data2024.xlsx,nan,davidson county,tennessee,2024,50,45,56,49,32.0,66.0,22,-0.5,-8.4,42,48.8,46.9,90,4.1,17.8,56,72.2,73.7,48,91.7,91.3,68,56.7,64.2,58,53.0,62.0,58,-5.8,-5.8,46,,,56,-8.5,-2.6,68,3.6,5.1,48,60,58,71,1.3,2,46,51.0,40.0,36,16.7,9.9,66,,,50,88.8,88.8,58,41.5,40.3,,27.8,,12,95,87.3,3,"['Labor Market Engagement Index Score', 'Commercial Diversity Score', 'Female Above Poverty Score']","[-0.8302152039110661, -0.8787635239399969, -0.14444248722866176]",-0.6178070716932417,3
553087,Data2024.xlsx,nan,davidson county,tennessee,2024,68,72,63,80,80.0,80.0,78,-0.5,12.5,81,48.8,156.9,97,4.1,30.7,81,72.2,80.4,62,91.7,93.6,78,56.7,68.5,54,56.0,52.0,40,-5.8,-7.9,67,,,61,-8.5,0,,,,92,60,94,13,1.3,0.4,68,81.0,56.0,76,16.7,31.1,86,,,90,88.8,96.8,79,41.5,36.8,12,27.8,11.5,43,95,94.2,1,"['Spend Growth Score', 'Small Business Loans Score']","[-0.8733689466491341, -0.35907675510272385]",-0.616222850875929,2
582560,Data2024.xlsx,nan,davidson county,tennessee,2024,,56,64,,,73.0,,-0.5,,,48.8,,73,4.1,8.7,,72.2,,,91.7,,,56.7,,58,55.0,60.0,58,-5.8,-4.4,57,,,49,-8.5,-1.8,21,3.6,2,76,60,82,83,1.3,2.6,58,57.0,58.0,67,16.7,139,47,,,,88.8,,58,41.5,40.2,,27.8,,,95,,3,"['Spend Growth Score', 'Commercial Diversity Score', 'Female Above Poverty Score']","[-0.09311733589041978, -0.943502325695008, -0.7639345747418702]",-0.6001847454424326,3
543515,Data2024.xlsx,nan,davidson county,tennessee,2024,52,44,60,64,61.0,67.0,59,-0.5,8.4,63,48.8,92.8,100,4.1,76,69,72.2,77,74,91.7,95.4,25,56.7,46.3,44,39.0,50.0,14,-5.8,-13.5,62,,,41,-8.5,-6.2,42,3.6,3.1,63,60,71,44,1.3,1.1,47,32.0,62.0,62,16.7,20.7,2,,,60,88.8,91,89,41.5,34.5,,27.8,,38,95,93.5,0,['Spend Growth Score'],[-0.4832804034510627],-0.4832804034510627,1
517302,Data2024.xlsx,nan,davidson county,tennessee,2024,53,66,40,60,78.0,42.0,77,-0.5,9,78,48.8,198.1,13,4.1,0.8,52,72.2,72.7,44,91.7,90.5,58,56.7,59.8,52,61.0,44.0,67,-5.8,-2.6,60,,,57,-8.5,0.7,1,3.6,0.5,71,60,78,60,1.3,1.5,47,60.0,34.0,73,16.7,56.5,48,,,52,88.8,89.3,37,41.5,43.6,,27.8,,13,95,87.6,1,"['New Businesses Score', 'Spend Growth Score', 'Commercial Diversity Score', 'Female Above Poverty Score']","[-0.5320671378448606, -0.45339398317039015, -0.4766772844828665, -0.13893404135480522]",-0.4002681117132306,4
567755,Data2024.xlsx,nan,davidson county,tennessee,2024,56,62,49,59,76.0,42.0,76,-0.5,10.3,75,48.8,124.4,43,4.1,3.3,42,72.2,70,78,91.7,96,6,56.7,30.8,50,53.0,46.0,39,-5.8,-8.6,58,,,61,-8.5,5.2,10,3.6,1.4,83,60,88,44,1.3,1.1,57,56.0,58.0,36,16.7,11.2,75,,,83,88.8,95.4,84,41.5,35.7,42,27.8,24.5,25,95,91.1,1,"['Spend Growth Score', 'Small Business Loans Score']","[-0.1811747396364808, -0.16324479380622506]",-0.17220976672135294,2
582561,Data2024.xlsx,nan,davidson county,tennessee,2024,58,56,60,68,74.0,61.0,73,-0.5,5.9,74,48.8,108.5,98,4.1,37.1,20,72.2,62.7,58,91.7,93,68,56.7,64.1,60,56.0,63.0,49,-5.8,-4.3,,,,64,-8.5,2.2,,,,82,60,87,44,1.3,1.1,46,37.0,56.0,37,16.7,10,,,,56,88.8,90.2,95,41.5,32.5,36,27.8,22.2,35,95,93,1,"['Spend Growth Score', 'Small Business Loans Score']","[-0.005705776251852512, -0.26328862939029934]",-0.13449720282107594,2
537004,Data2024.xlsx,nan,davidson county,tennessee,2024,64,55,74,68,66.0,70.0,45,-0.5,2.2,86,48.8,137.6,6,4.1,0.3,88,72.2,83,86,91.7,97.1,98,56.7,86.7,56,27.0,84.0,16,-5.8,-15.9,13,,,52,-8.5,-3.8,70,3.6,5.4,99,60,99,,,,70,73.0,67.0,98,16.7,74.2,48,,,99,88.8,99.1,4,41.5,55.2,91,27.8,58.6,74,95,97.5,1,['Minority/Women Owned Businesses Score'],[-0.11119202924892306],-0.11119202924892306,1
554873,Data2024.xlsx,nan,davidson county,tennessee,2024,49,52,46,51,45.0,57.0,20,-0.5,-13.1,70,48.8,127.5,32,4.1,2.3,48,72.2,71.7,57,91.7,92.8,90,56.7,76.2,44,49.0,40.0,42,-5.8,-5.1,45,,,61,-8.5,9.6,35,3.6,2.7,71,60,79,13,1.3,0.4,52,62.0,42.0,61,16.7,29.5,63,,,54,88.8,89.7,69,41.5,38.5,11,27.8,11.1,32,95,92.5,3,"['Small Business Loans Score', 'Female Above Poverty Score']","[-0.06687046548351645, -0.11471898795105517]",-0.0907947267172858,2
515782,Data2024.xlsx,nan,davidson county,tennessee,2024,56,47,66,51,46.0,56.0,25,-0.5,-14.3,66,48.8,76.2,1,4.1,0,82,72.2,80.7,84,91.7,96.9,55,56.7,58.7,61,26.0,96.0,30,-5.8,-8.6,,,,23,-8.5,-25,,,,96,60,97,,,,57,68.0,46.0,68,16.7,25.8,,,,65,88.8,92.1,65,41.5,39.1,44,27.8,25.2,9,95,85.4,3,[],[],,0
517659,Data2024.xlsx,nan,davidson county,tennessee,2024,60,53,66,64,52.0,76.0,30,-0.5,-2.4,75,48.8,102.2,19,4.1,1.2,99,72.2,92,90,91.7,97.8,95,56.7,81,40,22.0,58.0,22,-5.8,-9.7,24,,,19,-8.5,-29.3,,,,93,60,95,24,1.3,0.7,76,86.0,65.0,96,16.7,48.4,77,,,100,88.8,100,22,41.5,47.1,50,27.8,27.8,87,95,98.5,3,[],[],,0
518025,Data2024.xlsx,nan,davidson county,tennessee,2024,60,62,58,72,62.0,82.0,52,-0.5,5.2,71,48.8,117,93,4.1,22.2,62,72.2,75.2,93,91.7,98.3,80,56.7,70,39,36.0,42.0,27,-5.8,-9.7,,,,44,-8.5,-7.1,17,3.6,1.8,96,60,97,13,1.3,0.4,69,89.0,49.0,89,16.7,64,,,,86,88.8,96,4,41.5,55.2,55,27.8,30,51,95,95.1,1,[],[],,0
538777,Data2024.xlsx,nan,davidson county,tennessee,2024,54,46,62,61,66.0,56.0,53,-0.5,2.1,78,48.8,99.4,37,4.1,2.8,86,72.2,81.9,60,91.7,93.3,43,56.7,54.1,47,32.0,62.0,24,-5.8,-12.2,40,,,33,-8.5,-16.5,,,,89,60,92,34,1.3,0.9,54,39.0,68.0,36,16.7,2.8,42,,,86,88.8,96,74,41.5,37.7,26,27.8,17.9,85,95,98.4,1,[],[],,0
550675,Data2024.xlsx,nan,davidson county,tennessee,2024,54,56,53,70,75.0,64.0,75,-0.5,8.2,75,48.8,82,74,4.1,8.9,68,72.2,77,64,91.7,94,48,56.7,56,39,41.0,37.0,44,-5.8,-10.2,42,,,38,-8.5,-24.1,2,3.6,0.8,75,60,81,34,1.3,0.9,55,52.0,58.0,60,16.7,17.5,43,,,79,88.8,94.6,25,41.5,46.3,86,27.8,51.3,44,95,94.3,1,[],[],,0
588880,Data2024.xlsx,nan,davidson county,tennessee,2024,58,56,59,72,82.0,62.0,82,-0.5,21.7,82,48.8,108.4,35,4.1,2.6,92,72.2,84.4,84,91.7,96.9,39,56.7,52.2,38,30.0,46.0,14,-5.8,-20,,,,46,-8.5,-10.6,31,3.6,2.5,95,60,97,13,1.3,0.4,62,55.0,70.0,55,16.7,14.6,,,,82,88.8,95.3,74,41.5,37.6,60,27.8,32.4,66,95,96.6,1,[],[],,0
